<?xml version = '1.0' encoding = 'UTF-8'?>
<relationalModel class="oracle.dbtools.crest.model.design.relational.RelationalDesign" name="ModeloRelacional" id="DB559353-B6DF-6C65-3787-D7C995BEADF2" mainViewID="9008F502-167D-1579-458E-2546259D74ED">
<createdBy>henri</createdBy>
<createdTime>2024-05-25 01:35:34 UTC</createdTime>
<ownerDesignName>ModeloFisico</ownerDesignName>
<shouldBeOpen>true</shouldBeOpen>
<selectedRDBMSSite>32076570-2523-435C-2E92-BF29817DFF70</selectedRDBMSSite>
</relationalModel>
