<?xml version = '1.0' encoding = 'UTF-8'?>
<Relation class="oracle.dbtools.crest.model.design.logical.Relation" name="INVESTIMENTO_BANCO_FK" directorySegmentName="seg_0" id="13C6F23F-3436-30EC-236D-C979904727DC">
<createdBy>henri</createdBy>
<createdTime>2024-05-25 02:27:43 UTC</createdTime>
<generatorID>89293DB1-ECAC-B26A-027B-B709CBF487DA</generatorID>
<ownerDesignName>ModeloFisico</ownerDesignName>
<engineerTo>
<item key="5EE3ED64-B78B-78C0-2164-020F2B255B59" value="true"/>
<item key="DB559353-B6DF-6C65-3787-D7C995BEADF2" value="true"/>
</engineerTo>
<sourcePk>4FEFE7D5-4D4A-9F7B-4D6E-67AD0E52E35E</sourcePk>
<identifying>false</identifying>
<optionalSource>true</optionalSource>
<optionalTarget>false</optionalTarget>
<sourceCardinality>1</sourceCardinality>
<sourceEntity>4D667EBE-1843-F573-059A-1017CA5E7633</sourceEntity>
<targetCardinalityString>*</targetCardinalityString>
<targetEntity>4847B21E-20FC-8512-8B6F-17FAB94E116B</targetEntity>
<transferable>true</transferable>
<deleteRule>NO ACTION</deleteRule>
</Relation>
