<?xml version = '1.0' encoding = 'UTF-8'?>
<Relation class="oracle.dbtools.crest.model.design.logical.Relation" name="TIPO_INVESTIMENTO_USUARIO_FK" directorySegmentName="seg_0" id="61EE047D-A890-5388-C3D2-648758493619">
<createdBy>henri</createdBy>
<createdTime>2024-05-25 02:27:43 UTC</createdTime>
<generatorID>90B007EA-8642-A553-2B5A-6A31E1E42AF9</generatorID>
<ownerDesignName>ModeloFisico</ownerDesignName>
<engineerTo>
<item key="5EE3ED64-B78B-78C0-2164-020F2B255B59" value="true"/>
<item key="DB559353-B6DF-6C65-3787-D7C995BEADF2" value="true"/>
</engineerTo>
<sourcePk>DC1524A9-D43D-93CD-07C5-CAFB64860239</sourcePk>
<identifying>false</identifying>
<optionalSource>true</optionalSource>
<optionalTarget>false</optionalTarget>
<sourceCardinality>1</sourceCardinality>
<sourceEntity>7091C729-D243-A187-2715-FFE62144B6D7</sourceEntity>
<targetCardinalityString>*</targetCardinalityString>
<targetEntity>2E1C3D11-18BE-C976-6AB8-FBC187FBE0C1</targetEntity>
<transferable>true</transferable>
<deleteRule>NO ACTION</deleteRule>
</Relation>
