<?xml version = '1.0' encoding = 'UTF-8'?>
<Relation class="oracle.dbtools.crest.model.design.logical.Relation" name="INVESTIMENTO_USUARIO_FK" directorySegmentName="seg_0" id="94887DA3-6AFD-7168-50F9-A73EE88AB663">
<createdBy>henri</createdBy>
<createdTime>2024-05-25 02:27:43 UTC</createdTime>
<generatorID>348F3014-FED5-A711-E4D6-25F64BA9E520</generatorID>
<ownerDesignName>ModeloFisico</ownerDesignName>
<engineerTo>
<item key="5EE3ED64-B78B-78C0-2164-020F2B255B59" value="true"/>
<item key="DB559353-B6DF-6C65-3787-D7C995BEADF2" value="true"/>
</engineerTo>
<sourcePk>DC1524A9-D43D-93CD-07C5-CAFB64860239</sourcePk>
<identifying>false</identifying>
<optionalSource>true</optionalSource>
<optionalTarget>false</optionalTarget>
<sourceCardinality>1</sourceCardinality>
<sourceEntity>7091C729-D243-A187-2715-FFE62144B6D7</sourceEntity>
<targetCardinalityString>*</targetCardinalityString>
<targetEntity>4847B21E-20FC-8512-8B6F-17FAB94E116B</targetEntity>
<transferable>true</transferable>
<deleteRule>NO ACTION</deleteRule>
</Relation>
