<?xml version = '1.0' encoding = 'UTF-8'?>
<Relation class="oracle.dbtools.crest.model.design.logical.Relation" name="RECEBIMENTO_CATEGORIA_FK" directorySegmentName="seg_0" id="CB6DF541-138A-4FAD-06E0-04201A0EBB8A">
<createdBy>henri</createdBy>
<createdTime>2024-05-25 02:27:43 UTC</createdTime>
<generatorID>C6F5DD93-800A-ACE5-9DEE-0F0928F86479</generatorID>
<ownerDesignName>ModeloFisico</ownerDesignName>
<engineerTo>
<item key="5EE3ED64-B78B-78C0-2164-020F2B255B59" value="true"/>
<item key="DB559353-B6DF-6C65-3787-D7C995BEADF2" value="true"/>
</engineerTo>
<sourcePk>091804B2-6F26-326C-C9CE-76CE03DA51D4</sourcePk>
<identifying>false</identifying>
<optionalSource>true</optionalSource>
<optionalTarget>true</optionalTarget>
<sourceCardinality>1</sourceCardinality>
<sourceEntity>B607163D-58BF-1237-5E2E-91E61FC709D1</sourceEntity>
<targetCardinalityString>*</targetCardinalityString>
<targetEntity>74C201D5-7F2C-725B-4F85-97CDFF7911AB</targetEntity>
<transferable>true</transferable>
<deleteRule>NO ACTION</deleteRule>
</Relation>
