<?xml version = '1.0' encoding = 'UTF-8'?>
<Relation class="oracle.dbtools.crest.model.design.logical.Relation" name="OBJETIVO_FINANCEIRO_USUARIO_FK" directorySegmentName="seg_0" id="EC0FC374-4F9C-3D08-E70D-7ADAC117EABA">
<createdBy>henri</createdBy>
<createdTime>2024-05-25 02:27:43 UTC</createdTime>
<generatorID>51DD9D31-BD26-5A72-0F44-581181AE7F19</generatorID>
<ownerDesignName>ModeloFisico</ownerDesignName>
<engineerTo>
<item key="5EE3ED64-B78B-78C0-2164-020F2B255B59" value="true"/>
<item key="DB559353-B6DF-6C65-3787-D7C995BEADF2" value="true"/>
</engineerTo>
<sourcePk>DC1524A9-D43D-93CD-07C5-CAFB64860239</sourcePk>
<identifying>false</identifying>
<optionalSource>true</optionalSource>
<optionalTarget>false</optionalTarget>
<sourceCardinality>1</sourceCardinality>
<sourceEntity>7091C729-D243-A187-2715-FFE62144B6D7</sourceEntity>
<targetCardinalityString>*</targetCardinalityString>
<targetEntity>9AC362D8-11C0-D293-FE3F-1F8F6E04853B</targetEntity>
<transferable>true</transferable>
<deleteRule>NO ACTION</deleteRule>
</Relation>
