<?xml version = '1.0' encoding = 'UTF-8'?>
<Relation class="oracle.dbtools.crest.model.design.logical.Relation" name="RECEBIMENTO_USUARIO_FK" directorySegmentName="seg_0" id="F521F5AE-2B8E-A8CB-FC3C-7E6105ED502C">
<createdBy>henri</createdBy>
<createdTime>2024-05-25 02:27:43 UTC</createdTime>
<generatorID>6134BAD1-23E7-2716-9396-68DAE7781720</generatorID>
<ownerDesignName>ModeloFisico</ownerDesignName>
<engineerTo>
<item key="5EE3ED64-B78B-78C0-2164-020F2B255B59" value="true"/>
<item key="DB559353-B6DF-6C65-3787-D7C995BEADF2" value="true"/>
</engineerTo>
<sourcePk>DC1524A9-D43D-93CD-07C5-CAFB64860239</sourcePk>
<identifying>false</identifying>
<optionalSource>true</optionalSource>
<optionalTarget>false</optionalTarget>
<sourceCardinality>1</sourceCardinality>
<sourceEntity>7091C729-D243-A187-2715-FFE62144B6D7</sourceEntity>
<targetCardinalityString>*</targetCardinalityString>
<targetEntity>74C201D5-7F2C-725B-4F85-97CDFF7911AB</targetEntity>
<transferable>true</transferable>
<deleteRule>NO ACTION</deleteRule>
</Relation>
