<?xml version = '1.0' encoding = 'UTF-8'?>
<Entity class="oracle.dbtools.crest.model.design.logical.Entity" directorySegmentName="seg_0" id="3F941B6E-3CD2-6DB4-100D-BE316263161F" name="CONTA_RECEBER">
<createdBy>henri</createdBy>
<createdTime>2024-06-17 23:57:35 UTC</createdTime>
<ownerDesignName>Modelo Logico - iFood</ownerDesignName>
<engineerTo>
<item key="27F04DD4-B1A4-8406-9902-A2F1EA275041" value="true"/>
</engineerTo>
<adequatelyNormalized>NO</adequatelyNormalized>
<expectedVolumes>0</expectedVolumes>
<fwdEngineeringStrategyName>Single Table</fwdEngineeringStrategyName>
<growthPercent>0</growthPercent>
<growthType>Year</growthType>
<maxVolumes>9999999</maxVolumes>
<minVolumes>0</minVolumes>
<normalForm>Third</normalForm>
<attributes itemClass="oracle.dbtools.crest.model.design.logical.Attribute">
<Attribute name="IDPK_CONTA_RECEBER" id="6AF734A4-812A-6845-2374-E2C1E64260CC">
<createdBy>henri</createdBy>
<createdTime>2024-06-17 23:57:51 UTC</createdTime>
<ownerDesignName>Modelo Logico - iFood</ownerDesignName>
<engineerTo>
<item key="27F04DD4-B1A4-8406-9902-A2F1EA275041" value="true"/>
</engineerTo>
<useDomainConstraints>false</useDomainConstraints>
<use>1</use>
<logicalDatatype>LOGDT011</logicalDatatype>
<ownDataTypeParameters>,,</ownDataTypeParameters>
</Attribute>
<Attribute name="IDPK_PARCEIRO" id="E8469A55-1E37-4093-0FBF-1956197F4C80">
<createdBy>henri</createdBy>
<createdTime>2024-06-17 23:58:01 UTC</createdTime>
<ownerDesignName>Modelo Logico - iFood</ownerDesignName>
<engineerTo>
<item key="27F04DD4-B1A4-8406-9902-A2F1EA275041" value="true"/>
</engineerTo>
<useDomainConstraints>false</useDomainConstraints>
<use>1</use>
<logicalDatatype>LOGDT011</logicalDatatype>
<ownDataTypeParameters>,,</ownDataTypeParameters>
</Attribute>
<Attribute name="DESCRICAO" id="FD8BB909-8140-F7DD-FCA2-15E1E2844E6A">
<createdBy>henri</createdBy>
<createdTime>2024-06-17 23:58:13 UTC</createdTime>
<ownerDesignName>Modelo Logico - iFood</ownerDesignName>
<engineerTo>
<item key="27F04DD4-B1A4-8406-9902-A2F1EA275041" value="true"/>
</engineerTo>
<nullsAllowed>true</nullsAllowed>
<useDomainConstraints>false</useDomainConstraints>
<use>1</use>
<logicalDatatype>LOGDT024</logicalDatatype>
<dataTypeSize>80</dataTypeSize>
<ownDataTypeParameters>80,,</ownDataTypeParameters>
</Attribute>
<Attribute name="VALOR" id="BCB1BB43-BD1E-6AF3-46CC-56D7C6EDDC6A">
<createdBy>henri</createdBy>
<createdTime>2024-06-17 23:58:22 UTC</createdTime>
<ownerDesignName>Modelo Logico - iFood</ownerDesignName>
<engineerTo>
<item key="27F04DD4-B1A4-8406-9902-A2F1EA275041" value="true"/>
</engineerTo>
<nullsAllowed>true</nullsAllowed>
<useDomainConstraints>false</useDomainConstraints>
<use>1</use>
<logicalDatatype>LOGDT021</logicalDatatype>
<dataTypePrecision>15</dataTypePrecision>
<dataTypeScale>2</dataTypeScale>
<ownDataTypeParameters>,15,2</ownDataTypeParameters>
</Attribute>
<Attribute name="DATA_VENCIMENTO" id="29121454-FBB2-C328-2000-DE590E5EB4A7">
<createdBy>henri</createdBy>
<createdTime>2024-06-17 23:58:33 UTC</createdTime>
<ownerDesignName>Modelo Logico - iFood</ownerDesignName>
<engineerTo>
<item key="27F04DD4-B1A4-8406-9902-A2F1EA275041" value="true"/>
</engineerTo>
<useDomainConstraints>false</useDomainConstraints>
<use>1</use>
<logicalDatatype>LOGDT008</logicalDatatype>
<ownDataTypeParameters>,,</ownDataTypeParameters>
</Attribute>
<Attribute name="STATUS" id="F18EE456-5611-B48F-E8CF-7660B86BBAB9">
<createdBy>henri</createdBy>
<createdTime>2024-06-17 23:58:45 UTC</createdTime>
<commentInRDBMS><![CDATA[PENDENTE
PAGO]]></commentInRDBMS>
<ownerDesignName>Modelo Logico - iFood</ownerDesignName>
<engineerTo>
<item key="27F04DD4-B1A4-8406-9902-A2F1EA275041" value="true"/>
</engineerTo>
<nullsAllowed>true</nullsAllowed>
<useDomainConstraints>false</useDomainConstraints>
<use>1</use>
<logicalDatatype>LOGDT024</logicalDatatype>
<dataTypeSize>10</dataTypeSize>
<ownDataTypeParameters>10,,</ownDataTypeParameters>
</Attribute>
<Attribute name="IDPK PARCEIRO" id="E80900E5-C01E-6756-7CD0-7B8A1264B407">
<createdBy>henri</createdBy>
<createdTime>2024-06-18 00:01:42 UTC</createdTime>
<generatorID>5EB3D67D-7E6B-D734-7DAA-0597FAA31769</generatorID>
<ownerDesignName>Modelo Logico - iFood</ownerDesignName>
<engineerTo>
<item key="27F04DD4-B1A4-8406-9902-A2F1EA275041" value="true"/>
</engineerTo>
<referedAttribute>3B5A6696-F5EE-26DB-20CD-E104BDF35174</referedAttribute>
<useDomainConstraints>false</useDomainConstraints>
<use>1</use>
<logicalDatatype>LOGDT011</logicalDatatype>
<ownDataTypeParameters>,,</ownDataTypeParameters>
</Attribute>
</attributes>
<identifiers itemClass="oracle.dbtools.crest.model.design.logical.CandidateKey">
<identifier id="5250D4DB-77F2-7051-AAC3-C2AEA4CA7C89" name="CONTA_RECEBER PK">
<createdBy>henri</createdBy>
<createdTime>2024-06-17 23:58:00 UTC</createdTime>
<ownerDesignName>Modelo Logico - iFood</ownerDesignName>
<engineerTo>
<item key="27F04DD4-B1A4-8406-9902-A2F1EA275041" value="true"/>
</engineerTo>
<pk>true</pk>
<usedAttributes>
<attributeRef>6AF734A4-812A-6845-2374-E2C1E64260CC</attributeRef>
</usedAttributes>
</identifier>
</identifiers>
</Entity>