<?xml version = '1.0' encoding = 'UTF-8'?>
<Entity class="oracle.dbtools.crest.model.design.logical.Entity" directorySegmentName="seg_0" id="7A34D52A-4B36-C175-5E2D-AC4B7AACA678" name="PEDIDO">
<createdBy>henri</createdBy>
<createdTime>2024-06-17 23:30:06 UTC</createdTime>
<ownerDesignName>Modelo Logico - iFood</ownerDesignName>
<engineerTo>
<item key="27F04DD4-B1A4-8406-9902-A2F1EA275041" value="true"/>
</engineerTo>
<adequatelyNormalized>NO</adequatelyNormalized>
<expectedVolumes>0</expectedVolumes>
<fwdEngineeringStrategyName>Single Table</fwdEngineeringStrategyName>
<growthPercent>0</growthPercent>
<growthType>Year</growthType>
<maxVolumes>9999999</maxVolumes>
<minVolumes>0</minVolumes>
<normalForm>Third</normalForm>
<attributes itemClass="oracle.dbtools.crest.model.design.logical.Attribute">
<Attribute name="IDPK_PEDIDO" id="F4EC3FA5-4828-77C8-CB6A-74D39C1A120D">
<createdBy>henri</createdBy>
<createdTime>2024-06-17 23:30:14 UTC</createdTime>
<ownerDesignName>Modelo Logico - iFood</ownerDesignName>
<engineerTo>
<item key="27F04DD4-B1A4-8406-9902-A2F1EA275041" value="true"/>
</engineerTo>
<useDomainConstraints>false</useDomainConstraints>
<use>1</use>
<logicalDatatype>LOGDT011</logicalDatatype>
<ownDataTypeParameters>,,</ownDataTypeParameters>
</Attribute>
<Attribute name="IDPK_PARCEIRO" id="8C75D92C-4857-5A3A-E20A-A1218525D36B">
<createdBy>henri</createdBy>
<createdTime>2024-06-17 23:30:23 UTC</createdTime>
<ownerDesignName>Modelo Logico - iFood</ownerDesignName>
<engineerTo>
<item key="27F04DD4-B1A4-8406-9902-A2F1EA275041" value="true"/>
</engineerTo>
<useDomainConstraints>false</useDomainConstraints>
<use>1</use>
<logicalDatatype>LOGDT011</logicalDatatype>
<ownDataTypeParameters>,,</ownDataTypeParameters>
</Attribute>
<Attribute name="IDPK_CLIENTE" id="39062C12-615C-9A31-F722-36C4A06093E1">
<createdBy>henri</createdBy>
<createdTime>2024-06-17 23:30:34 UTC</createdTime>
<ownerDesignName>Modelo Logico - iFood</ownerDesignName>
<engineerTo>
<item key="27F04DD4-B1A4-8406-9902-A2F1EA275041" value="true"/>
</engineerTo>
<useDomainConstraints>false</useDomainConstraints>
<use>1</use>
<logicalDatatype>LOGDT011</logicalDatatype>
<ownDataTypeParameters>,,</ownDataTypeParameters>
</Attribute>
<Attribute name="DATA_PEDIDO" id="3487600C-0940-294F-1549-962A7E268D00">
<createdBy>henri</createdBy>
<createdTime>2024-06-17 23:30:48 UTC</createdTime>
<ownerDesignName>Modelo Logico - iFood</ownerDesignName>
<engineerTo>
<item key="27F04DD4-B1A4-8406-9902-A2F1EA275041" value="true"/>
</engineerTo>
<useDomainConstraints>false</useDomainConstraints>
<use>1</use>
<logicalDatatype>LOGDT008</logicalDatatype>
<ownDataTypeParameters>,,</ownDataTypeParameters>
</Attribute>
<Attribute name="VALOR_TOTAL" id="68F53177-30D6-9BF0-097C-02AB38898146">
<createdBy>henri</createdBy>
<createdTime>2024-06-17 23:31:00 UTC</createdTime>
<ownerDesignName>Modelo Logico - iFood</ownerDesignName>
<engineerTo>
<item key="27F04DD4-B1A4-8406-9902-A2F1EA275041" value="true"/>
</engineerTo>
<useDomainConstraints>false</useDomainConstraints>
<use>1</use>
<logicalDatatype>LOGDT021</logicalDatatype>
<dataTypePrecision>15</dataTypePrecision>
<dataTypeScale>3</dataTypeScale>
<ownDataTypeParameters>,15,3</ownDataTypeParameters>
</Attribute>
<Attribute name="DESCONTO" id="CC01FCED-D7B6-9C47-AF32-A2CB33061317">
<createdBy>henri</createdBy>
<createdTime>2024-06-17 23:31:38 UTC</createdTime>
<ownerDesignName>Modelo Logico - iFood</ownerDesignName>
<engineerTo>
<item key="27F04DD4-B1A4-8406-9902-A2F1EA275041" value="true"/>
</engineerTo>
<nullsAllowed>true</nullsAllowed>
<useDomainConstraints>false</useDomainConstraints>
<use>1</use>
<logicalDatatype>LOGDT021</logicalDatatype>
<dataTypePrecision>15</dataTypePrecision>
<dataTypeScale>3</dataTypeScale>
<ownDataTypeParameters>,15,3</ownDataTypeParameters>
</Attribute>
<Attribute name="STATUS" id="AC20A327-72C0-893B-C327-B7FCB6855493">
<createdBy>henri</createdBy>
<createdTime>2024-06-17 23:31:12 UTC</createdTime>
<ownerDesignName>Modelo Logico - iFood</ownerDesignName>
<engineerTo>
<item key="27F04DD4-B1A4-8406-9902-A2F1EA275041" value="true"/>
</engineerTo>
<useDomainConstraints>false</useDomainConstraints>
<use>1</use>
<logicalDatatype>LOGDT024</logicalDatatype>
<ownDataTypeParameters>,,</ownDataTypeParameters>
</Attribute>
<Attribute name="IDPK PARCEIRO" id="8A8D7695-59E5-982F-07F5-32D4FF5B12F3">
<createdBy>henri</createdBy>
<createdTime>2024-06-17 23:32:43 UTC</createdTime>
<generatorID>B4AC2C7C-EF8D-72B9-E784-4C1879AD14FC</generatorID>
<ownerDesignName>Modelo Logico - iFood</ownerDesignName>
<engineerTo>
<item key="27F04DD4-B1A4-8406-9902-A2F1EA275041" value="true"/>
</engineerTo>
<referedAttribute>3B5A6696-F5EE-26DB-20CD-E104BDF35174</referedAttribute>
<useDomainConstraints>false</useDomainConstraints>
<use>1</use>
<logicalDatatype>LOGDT011</logicalDatatype>
<ownDataTypeParameters>,,</ownDataTypeParameters>
</Attribute>
<Attribute name="IDPK_CLIENTE1" id="0F55919A-346C-0E52-8181-9217AC8630F7">
<createdBy>henri</createdBy>
<createdTime>2024-06-17 23:55:06 UTC</createdTime>
<generatorID>9BBAB05A-BA12-2CD6-529A-0D0F0FB279E9</generatorID>
<ownerDesignName>Modelo Logico - iFood</ownerDesignName>
<engineerTo>
<item key="27F04DD4-B1A4-8406-9902-A2F1EA275041" value="true"/>
</engineerTo>
<referedAttribute>2B2BE138-C060-57C0-36A7-E8B2AA1ED5F4</referedAttribute>
<useDomainConstraints>false</useDomainConstraints>
<use>1</use>
<logicalDatatype>LOGDT011</logicalDatatype>
<ownDataTypeParameters>,,</ownDataTypeParameters>
</Attribute>
</attributes>
<identifiers itemClass="oracle.dbtools.crest.model.design.logical.CandidateKey">
<identifier id="725CE147-2CCA-7E84-58AC-10DAC223D164" name="PEDIDO PK">
<createdBy>henri</createdBy>
<createdTime>2024-06-17 23:30:22 UTC</createdTime>
<ownerDesignName>Modelo Logico - iFood</ownerDesignName>
<engineerTo>
<item key="27F04DD4-B1A4-8406-9902-A2F1EA275041" value="true"/>
</engineerTo>
<pk>true</pk>
<usedAttributes>
<attributeRef>F4EC3FA5-4828-77C8-CB6A-74D39C1A120D</attributeRef>
</usedAttributes>
</identifier>
</identifiers>
</Entity>