<?xml version = '1.0' encoding = 'UTF-8'?>
<Entity class="oracle.dbtools.crest.model.design.logical.Entity" directorySegmentName="seg_0" id="C5F04DE3-C9F9-17B4-CAD8-77A9BEE4A3F4" name="CONTA_PAGAR">
<createdBy>henri</createdBy>
<createdTime>2024-06-17 23:56:04 UTC</createdTime>
<ownerDesignName>Modelo Logico - iFood</ownerDesignName>
<engineerTo>
<item key="27F04DD4-B1A4-8406-9902-A2F1EA275041" value="true"/>
</engineerTo>
<adequatelyNormalized>NO</adequatelyNormalized>
<expectedVolumes>0</expectedVolumes>
<fwdEngineeringStrategyName>Single Table</fwdEngineeringStrategyName>
<growthPercent>0</growthPercent>
<growthType>Year</growthType>
<maxVolumes>9999999</maxVolumes>
<minVolumes>0</minVolumes>
<normalForm>Third</normalForm>
<attributes itemClass="oracle.dbtools.crest.model.design.logical.Attribute">
<Attribute name="IDPK_CONTA_PAGAR" id="28CA359D-7680-E8D8-BD72-703135CB5BB8">
<createdBy>henri</createdBy>
<createdTime>2024-06-17 23:56:10 UTC</createdTime>
<ownerDesignName>Modelo Logico - iFood</ownerDesignName>
<engineerTo>
<item key="27F04DD4-B1A4-8406-9902-A2F1EA275041" value="true"/>
</engineerTo>
<useDomainConstraints>false</useDomainConstraints>
<use>1</use>
<logicalDatatype>LOGDT011</logicalDatatype>
<ownDataTypeParameters>,,</ownDataTypeParameters>
</Attribute>
<Attribute name="IDPK_PARCEIRO" id="DE367D09-C34D-605C-9B7E-89B4DB36E502">
<createdBy>henri</createdBy>
<createdTime>2024-06-17 23:56:19 UTC</createdTime>
<ownerDesignName>Modelo Logico - iFood</ownerDesignName>
<engineerTo>
<item key="27F04DD4-B1A4-8406-9902-A2F1EA275041" value="true"/>
</engineerTo>
<useDomainConstraints>false</useDomainConstraints>
<use>1</use>
<logicalDatatype>LOGDT011</logicalDatatype>
<ownDataTypeParameters>,,</ownDataTypeParameters>
</Attribute>
<Attribute name="DESCRICAO" id="CE89E4F0-BBFA-0AAE-706F-6A871F8C7496">
<createdBy>henri</createdBy>
<createdTime>2024-06-17 23:56:34 UTC</createdTime>
<ownerDesignName>Modelo Logico - iFood</ownerDesignName>
<engineerTo>
<item key="27F04DD4-B1A4-8406-9902-A2F1EA275041" value="true"/>
</engineerTo>
<nullsAllowed>true</nullsAllowed>
<useDomainConstraints>false</useDomainConstraints>
<use>1</use>
<logicalDatatype>LOGDT024</logicalDatatype>
<dataTypeSize>80</dataTypeSize>
<ownDataTypeParameters>80,,</ownDataTypeParameters>
</Attribute>
<Attribute name="VALOR" id="72E13B2E-1A7D-0AAA-2BA6-B624B8261D94">
<createdBy>henri</createdBy>
<createdTime>2024-06-17 23:56:47 UTC</createdTime>
<ownerDesignName>Modelo Logico - iFood</ownerDesignName>
<engineerTo>
<item key="27F04DD4-B1A4-8406-9902-A2F1EA275041" value="true"/>
</engineerTo>
<useDomainConstraints>false</useDomainConstraints>
<use>1</use>
<logicalDatatype>LOGDT021</logicalDatatype>
<dataTypePrecision>15</dataTypePrecision>
<dataTypeScale>2</dataTypeScale>
<ownDataTypeParameters>,15,2</ownDataTypeParameters>
</Attribute>
<Attribute name="DATA_VENCIMENTO" id="433AB1E2-A17D-46A3-BA87-5A2EFDE6FD55">
<createdBy>henri</createdBy>
<createdTime>2024-06-17 23:57:00 UTC</createdTime>
<ownerDesignName>Modelo Logico - iFood</ownerDesignName>
<engineerTo>
<item key="27F04DD4-B1A4-8406-9902-A2F1EA275041" value="true"/>
</engineerTo>
<useDomainConstraints>false</useDomainConstraints>
<use>1</use>
<logicalDatatype>LOGDT008</logicalDatatype>
<ownDataTypeParameters>,,</ownDataTypeParameters>
</Attribute>
<Attribute name="STATUS" id="EA90AC45-0ECF-0D96-114D-E48135CDED6D">
<createdBy>henri</createdBy>
<createdTime>2024-06-17 23:57:10 UTC</createdTime>
<commentInRDBMS><![CDATA[PENDENTE
PAGO]]></commentInRDBMS>
<ownerDesignName>Modelo Logico - iFood</ownerDesignName>
<engineerTo>
<item key="27F04DD4-B1A4-8406-9902-A2F1EA275041" value="true"/>
</engineerTo>
<useDomainConstraints>false</useDomainConstraints>
<use>1</use>
<logicalDatatype>LOGDT024</logicalDatatype>
<dataTypeSize>10</dataTypeSize>
<ownDataTypeParameters>10,,</ownDataTypeParameters>
</Attribute>
<Attribute name="IDPK PARCEIRO" id="ED325326-5FA1-B4F1-33AA-E529A0CBD610">
<createdBy>henri</createdBy>
<createdTime>2024-06-18 00:01:03 UTC</createdTime>
<generatorID>10FF202C-6750-4D06-D83D-CEA6F28CF4C7</generatorID>
<ownerDesignName>Modelo Logico - iFood</ownerDesignName>
<engineerTo>
<item key="27F04DD4-B1A4-8406-9902-A2F1EA275041" value="true"/>
</engineerTo>
<referedAttribute>3B5A6696-F5EE-26DB-20CD-E104BDF35174</referedAttribute>
<useDomainConstraints>false</useDomainConstraints>
<use>1</use>
<logicalDatatype>LOGDT011</logicalDatatype>
<ownDataTypeParameters>,,</ownDataTypeParameters>
</Attribute>
</attributes>
<identifiers itemClass="oracle.dbtools.crest.model.design.logical.CandidateKey">
<identifier id="5348093C-CE8B-E19B-9535-22BB8866F840" name="CONTA_PAGAR PK">
<createdBy>henri</createdBy>
<createdTime>2024-06-17 23:56:18 UTC</createdTime>
<ownerDesignName>Modelo Logico - iFood</ownerDesignName>
<engineerTo>
<item key="27F04DD4-B1A4-8406-9902-A2F1EA275041" value="true"/>
</engineerTo>
<pk>true</pk>
<usedAttributes>
<attributeRef>28CA359D-7680-E8D8-BD72-703135CB5BB8</attributeRef>
</usedAttributes>
</identifier>
</identifiers>
</Entity>