<?xml version = '1.0' encoding = 'UTF-8'?>
<Entity class="oracle.dbtools.crest.model.design.logical.Entity" directorySegmentName="seg_0" id="E38A430F-0347-4088-6206-C5142CB08F3F" name="PEDIDO_PRODUTO">
<createdBy>henri</createdBy>
<createdTime>2024-06-17 23:33:37 UTC</createdTime>
<ownerDesignName>Modelo Logico - iFood</ownerDesignName>
<engineerTo>
<item key="27F04DD4-B1A4-8406-9902-A2F1EA275041" value="true"/>
</engineerTo>
<adequatelyNormalized>NO</adequatelyNormalized>
<expectedVolumes>0</expectedVolumes>
<fwdEngineeringStrategyName>Single Table</fwdEngineeringStrategyName>
<growthPercent>0</growthPercent>
<growthType>Year</growthType>
<maxVolumes>9999999</maxVolumes>
<minVolumes>0</minVolumes>
<normalForm>Third</normalForm>
<attributes itemClass="oracle.dbtools.crest.model.design.logical.Attribute">
<Attribute name="IDPK_PEDIDO_PRODUTO" id="7217DE18-0F9D-722F-0A87-6BEF1E3E2776">
<createdBy>henri</createdBy>
<createdTime>2024-06-17 23:33:46 UTC</createdTime>
<ownerDesignName>Modelo Logico - iFood</ownerDesignName>
<engineerTo>
<item key="27F04DD4-B1A4-8406-9902-A2F1EA275041" value="true"/>
</engineerTo>
<useDomainConstraints>false</useDomainConstraints>
<use>1</use>
<logicalDatatype>LOGDT011</logicalDatatype>
<ownDataTypeParameters>,,</ownDataTypeParameters>
</Attribute>
<Attribute name="IDPK_PEDIDO" id="3C7F6374-51C5-A4D3-34A6-38727A234187">
<createdBy>henri</createdBy>
<createdTime>2024-06-17 23:34:00 UTC</createdTime>
<ownerDesignName>Modelo Logico - iFood</ownerDesignName>
<engineerTo>
<item key="27F04DD4-B1A4-8406-9902-A2F1EA275041" value="true"/>
</engineerTo>
<useDomainConstraints>false</useDomainConstraints>
<use>1</use>
<logicalDatatype>LOGDT011</logicalDatatype>
<ownDataTypeParameters>,,</ownDataTypeParameters>
</Attribute>
<Attribute name="IDPK_PRODUTO" id="7201CB81-6C8B-2B38-D46C-CC036EDF3FB9">
<createdBy>henri</createdBy>
<createdTime>2024-06-17 23:35:35 UTC</createdTime>
<ownerDesignName>Modelo Logico - iFood</ownerDesignName>
<engineerTo>
<item key="27F04DD4-B1A4-8406-9902-A2F1EA275041" value="true"/>
</engineerTo>
<useDomainConstraints>false</useDomainConstraints>
<use>1</use>
<logicalDatatype>LOGDT011</logicalDatatype>
<ownDataTypeParameters>,,</ownDataTypeParameters>
</Attribute>
<Attribute name="QUANTIDADE" id="D6F83F36-F61C-D558-C71C-AFC845D55358">
<createdBy>henri</createdBy>
<createdTime>2024-06-17 23:35:56 UTC</createdTime>
<ownerDesignName>Modelo Logico - iFood</ownerDesignName>
<engineerTo>
<item key="27F04DD4-B1A4-8406-9902-A2F1EA275041" value="true"/>
</engineerTo>
<useDomainConstraints>false</useDomainConstraints>
<use>1</use>
<logicalDatatype>LOGDT021</logicalDatatype>
<dataTypePrecision>15</dataTypePrecision>
<dataTypeScale>2</dataTypeScale>
<ownDataTypeParameters>,15,2</ownDataTypeParameters>
</Attribute>
<Attribute name="PRECO_UNITARIO" id="8B05FB76-67E0-491F-0DFE-4575EA0E8518">
<createdBy>henri</createdBy>
<createdTime>2024-06-17 23:36:13 UTC</createdTime>
<ownerDesignName>Modelo Logico - iFood</ownerDesignName>
<engineerTo>
<item key="27F04DD4-B1A4-8406-9902-A2F1EA275041" value="true"/>
</engineerTo>
<useDomainConstraints>false</useDomainConstraints>
<use>1</use>
<logicalDatatype>LOGDT021</logicalDatatype>
<dataTypePrecision>15</dataTypePrecision>
<dataTypeScale>3</dataTypeScale>
<ownDataTypeParameters>,15,3</ownDataTypeParameters>
</Attribute>
</attributes>
<identifiers itemClass="oracle.dbtools.crest.model.design.logical.CandidateKey">
<identifier id="1E6159DC-BF4B-E9F3-FF4A-157E9C328C58" name="PEDIDO_PRODUTO PK">
<createdBy>henri</createdBy>
<createdTime>2024-06-17 23:33:58 UTC</createdTime>
<ownerDesignName>Modelo Logico - iFood</ownerDesignName>
<engineerTo>
<item key="27F04DD4-B1A4-8406-9902-A2F1EA275041" value="true"/>
</engineerTo>
<pk>true</pk>
<newElementsIDs>7217DE18-0F9D-722F-0A87-6BEF1E3E2776</newElementsIDs>
<usedAttributes>
<attributeRef>7217DE18-0F9D-722F-0A87-6BEF1E3E2776</attributeRef>
</usedAttributes>
</identifier>
</identifiers>
</Entity>