<?xml version = '1.0' encoding = 'UTF-8'?>
<FKIndexAssociation class="oracle.dbtools.crest.model.design.relational.FKIndexAssociation" directorySegmentName="seg_0" id="0C109264-5CAB-208D-FCA6-648D50A3ABEE" containerWithKeyObject="3314383F-5F47-23BA-2087-B13033411B26" localFKIndex="B37E3182-688C-1597-E153-9692D7426808" name="CONTA_PAGAR_PARCEIRO_FK">
<createdBy>henri</createdBy>
<createdTime>2024-06-18 00:12:16 UTC</createdTime>
<generatorID>10FF202C-6750-4D06-D83D-CEA6F28CF4C7</generatorID>
<ownerDesignName>Modelo Logico - iFood</ownerDesignName>
<referredTableLongName>PARCEIRO</referredTableLongName>
<deleteRule>NO ACTION</deleteRule>
<referredTableID>4390089B-ECD3-1E35-6319-0B56966262EC</referredTableID>
<keyObject>74183729-CD04-B203-F498-42545E52754A</keyObject>
<referredKeyID>74183729-CD04-B203-F498-42545E52754A</referredKeyID>
<mandatory>true</mandatory>
<refColNames>IDPK_PARCEIRO</refColNames>
<transferable>true</transferable>
<rely>false</rely>
<columnDependencyConstraintGenerateInDDL>true</columnDependencyConstraintGenerateInDDL>
</FKIndexAssociation>
