<?xml version = '1.0' encoding = 'UTF-8'?>
<FKIndexAssociation class="oracle.dbtools.crest.model.design.relational.FKIndexAssociation" directorySegmentName="seg_0" id="348F3014-FED5-A711-E4D6-25F64BA9E520" containerWithKeyObject="F78809C4-509E-E5F0-EC0C-A30E8F378F9F" localFKIndex="AE85FDCD-2376-92A9-C49C-C30A614E5B8C" name="INVESTIMENTO_USUARIO_FK">
<createdBy>henri</createdBy>
<createdTime>2024-05-25 01:49:46 UTC</createdTime>
<ownerDesignName>ModeloFisico</ownerDesignName>
<referredTableLongName>USUARIO</referredTableLongName>
<deleteRule>NO ACTION</deleteRule>
<referredTableID>34590091-D1AA-2A4A-46D5-152BE715CB4A</referredTableID>
<keyObject>5EE3721A-0367-490B-8F7A-233F884204D1</keyObject>
<referredKeyID>5EE3721A-0367-490B-8F7A-233F884204D1</referredKeyID>
<mandatory>true</mandatory>
<refColNames>USU_IDPK</refColNames>
<transferable>true</transferable>
<rely>false</rely>
<columnDependencyConstraintGenerateInDDL>true</columnDependencyConstraintGenerateInDDL>
</FKIndexAssociation>