<?xml version = '1.0' encoding = 'UTF-8'?>
<FKIndexAssociation class="oracle.dbtools.crest.model.design.relational.FKIndexAssociation" directorySegmentName="seg_0" id="6134BAD1-23E7-2716-9396-68DAE7781720" containerWithKeyObject="8A3FAB32-0489-A9B7-D553-D40411950721" localFKIndex="CC7D9B86-0080-2AA8-572E-267F9102882E" name="RECEBIMENTO_USUARIO_FK">
<createdBy>henri</createdBy>
<createdTime>2024-05-25 01:42:44 UTC</createdTime>
<ownerDesignName>ModeloFisico</ownerDesignName>
<referredTableLongName>USUARIO</referredTableLongName>
<deleteRule>NO ACTION</deleteRule>
<referredTableID>34590091-D1AA-2A4A-46D5-152BE715CB4A</referredTableID>
<keyObject>5EE3721A-0367-490B-8F7A-233F884204D1</keyObject>
<referredKeyID>5EE3721A-0367-490B-8F7A-233F884204D1</referredKeyID>
<mandatory>true</mandatory>
<refColNames>USU_IDPK</refColNames>
<transferable>true</transferable>
<rely>false</rely>
<columnDependencyConstraintGenerateInDDL>true</columnDependencyConstraintGenerateInDDL>
</FKIndexAssociation>