<?xml version = '1.0' encoding = 'UTF-8'?>
<Table class="oracle.dbtools.crest.model.design.relational.Table" directorySegmentName="seg_0" id="6F12A196-A826-3B55-9D21-9BCBA086253C" name="PRODUTO_PEDIDO_PRODUTO_FK">
<createdBy>henri</createdBy>
<createdTime>2024-06-18 00:12:16 UTC</createdTime>
<ownerDesignName>Modelo Logico - iFood</ownerDesignName>
<allowColumnReorder>false</allowColumnReorder>
<existDependencyGenerateInDDl>true</existDependencyGenerateInDDl>
<parsed>true</parsed>
<columns itemClass="oracle.dbtools.crest.model.design.relational.Column">
<Column name="PEDIDO_PRODUTO_IDPK_PEDIDO_PRODUTO" id="76C92866-6740-1C7F-1378-331C5718505E">
<createdBy>henri</createdBy>
<createdTime>2024-06-18 00:12:16 UTC</createdTime>
<ownerDesignName>Modelo Logico - iFood</ownerDesignName>
<useDomainConstraints>false</useDomainConstraints>
<use>1</use>
<logicalDatatype>LOGDT011</logicalDatatype>
<ownDataTypeParameters>,,</ownDataTypeParameters>
<previousColumn>false</previousColumn>
<autoIncrementCycle>false</autoIncrementCycle>
<associations>
<colAssociation fkAssociation="2A0535FF-19B7-BD65-B7A6-4BE64D8F6099" referredColumn="DC210914-D430-BF58-BC3D-6CE6DAA06DAC"/>
</associations>
</Column>
<Column name="PRODUTO_IDPK_PRODUTO" id="2E29B55E-A133-A9BE-DCF5-BCA3A4D03700">
<createdBy>henri</createdBy>
<createdTime>2024-06-18 00:12:16 UTC</createdTime>
<ownerDesignName>Modelo Logico - iFood</ownerDesignName>
<useDomainConstraints>false</useDomainConstraints>
<use>1</use>
<logicalDatatype>LOGDT011</logicalDatatype>
<ownDataTypeParameters>,,</ownDataTypeParameters>
<previousColumn>false</previousColumn>
<autoIncrementCycle>false</autoIncrementCycle>
<associations>
<colAssociation fkAssociation="BDD8DAF6-75E1-9E28-829A-C96B77931E4F" referredColumn="B654B17C-FC9C-70DA-1DC8-BC9C0709137A"/>
</associations>
</Column>
</columns>
<indexes itemClass="oracle.dbtools.crest.model.design.relational.Index">
<ind_PK_UK id="5461E141-EC87-408B-16CC-77A8AFA0F394" name="PRODUTO_PEDIDO_PRODUTO_FK_PK">
<createdBy>henri</createdBy>
<createdTime>2024-06-18 00:12:16 UTC</createdTime>
<ownerDesignName>Modelo Logico - iFood</ownerDesignName>
<pk>true</pk>
<indexState>Primary Constraint</indexState>
<isSurrogateKey>false</isSurrogateKey>
<indexColumnUsage>
<colUsage columnID="76C92866-6740-1C7F-1378-331C5718505E"/>
<colUsage columnID="2E29B55E-A133-A9BE-DCF5-BCA3A4D03700"/>
</indexColumnUsage>
</ind_PK_UK>
<ind_PK_UK id="09196F6C-23DB-2E63-FB05-C3C2419A1B7D" name="PRODUTO_PEDIDO_PRODUTO_FK_PEDIDO_PRODUTO_FK">
<createdBy>henri</createdBy>
<createdTime>2024-06-18 00:12:16 UTC</createdTime>
<generatorID>972A6797-484A-48CD-39D8-8AB46B6A94FE</generatorID>
<ownerDesignName>Modelo Logico - iFood</ownerDesignName>
<indexState>Foreign Key</indexState>
<isSurrogateKey>false</isSurrogateKey>
<indexColumnUsage>
<colUsage columnID="76C92866-6740-1C7F-1378-331C5718505E"/>
</indexColumnUsage>
</ind_PK_UK>
<ind_PK_UK id="DFE90B2B-53CC-03D8-7EA2-9A79862A0B20" name="PRODUTO_PEDIDO_PRODUTO_FK_PRODUTO_FK">
<createdBy>henri</createdBy>
<createdTime>2024-06-18 00:12:16 UTC</createdTime>
<generatorID>972A6797-484A-48CD-39D8-8AB46B6A94FE</generatorID>
<ownerDesignName>Modelo Logico - iFood</ownerDesignName>
<indexState>Foreign Key</indexState>
<isSurrogateKey>false</isSurrogateKey>
<indexColumnUsage>
<colUsage columnID="2E29B55E-A133-A9BE-DCF5-BCA3A4D03700"/>
</indexColumnUsage>
</ind_PK_UK>
</indexes>
</Table>
