<?xml version = '1.0' encoding = 'UTF-8'?>
<Table class="oracle.dbtools.crest.model.design.relational.Table" directorySegmentName="seg_0" id="F7048D9D-4FF9-6D87-FD39-1DB0B0DD811B" name="CONTA">
<createdBy>henri</createdBy>
<createdTime>2024-06-18 00:12:16 UTC</createdTime>
<generatorID>C8457D2B-2471-E3F1-9E7C-E8040F7C1247</generatorID>
<ownerDesignName>Modelo Logico - iFood</ownerDesignName>
<allowColumnReorder>false</allowColumnReorder>
<existDependencyGenerateInDDl>true</existDependencyGenerateInDDl>
<parsed>true</parsed>
<columns itemClass="oracle.dbtools.crest.model.design.relational.Column">
<Column name="IDPK_CONTA" id="D08F59DA-928A-D983-2385-B91751A01941">
<createdBy>henri</createdBy>
<createdTime>2024-06-18 00:12:16 UTC</createdTime>
<generatorID>7C0594E1-4D37-8606-9ADC-BF7AFA5BB5A3</generatorID>
<ownerDesignName>Modelo Logico - iFood</ownerDesignName>
<useDomainConstraints>false</useDomainConstraints>
<use>1</use>
<logicalDatatype>LOGDT011</logicalDatatype>
<ownDataTypeParameters>,,</ownDataTypeParameters>
<autoIncrementCycle>false</autoIncrementCycle>
</Column>
<Column name="PARCEIRO_IDPK_PARCEIRO" id="29F195A0-55BE-B893-2A5F-15BDCD775BB6">
<createdBy>henri</createdBy>
<createdTime>2024-06-18 00:12:16 UTC</createdTime>
<generatorID>1A4FE083-0C66-E03A-A781-E8549C38EF96</generatorID>
<ownerDesignName>Modelo Logico - iFood</ownerDesignName>
<useDomainConstraints>false</useDomainConstraints>
<use>1</use>
<logicalDatatype>LOGDT011</logicalDatatype>
<ownDataTypeParameters>,,</ownDataTypeParameters>
<previousColumn>false</previousColumn>
<autoIncrementCycle>false</autoIncrementCycle>
<associations>
<colAssociation fkAssociation="51949728-B52A-6299-CA69-99AEE1497236" referredColumn="7071690D-DD53-2901-D8FE-21878F2ABE05"/>
</associations>
</Column>
<Column name="SALDO_ATUAL" id="4FEB01CA-D793-C9E4-93E5-FF4EDB6C06DF">
<createdBy>henri</createdBy>
<createdTime>2024-06-18 00:12:16 UTC</createdTime>
<generatorID>F3F839A0-B75E-9C59-3986-145C31BD1594</generatorID>
<ownerDesignName>Modelo Logico - iFood</ownerDesignName>
<useDomainConstraints>false</useDomainConstraints>
<use>1</use>
<logicalDatatype>LOGDT021</logicalDatatype>
<dataTypePrecision>15</dataTypePrecision>
<dataTypeScale>3</dataTypeScale>
<ownDataTypeParameters>,15,3</ownDataTypeParameters>
<autoIncrementCycle>false</autoIncrementCycle>
</Column>
<Column name="DATA_CRIACAO" id="1477E189-0789-085E-6A10-7C7427D3C111">
<createdBy>henri</createdBy>
<createdTime>2024-06-18 00:12:16 UTC</createdTime>
<generatorID>AF7A4CB4-44C4-6C12-78B9-1EA81441C8BB</generatorID>
<ownerDesignName>Modelo Logico - iFood</ownerDesignName>
<useDomainConstraints>false</useDomainConstraints>
<use>1</use>
<logicalDatatype>LOGDT008</logicalDatatype>
<ownDataTypeParameters>,,</ownDataTypeParameters>
<autoIncrementCycle>false</autoIncrementCycle>
</Column>
</columns>
<indexes itemClass="oracle.dbtools.crest.model.design.relational.Index">
<ind_PK_UK id="4891800E-DF30-09EC-8C3B-7D12EE505230" name="CONTA_PK">
<createdBy>henri</createdBy>
<createdTime>2024-06-18 00:12:16 UTC</createdTime>
<generatorID>0C03F1B2-B3C0-9316-04F7-1FF8CD360466</generatorID>
<ownerDesignName>Modelo Logico - iFood</ownerDesignName>
<pk>true</pk>
<indexState>Primary Constraint</indexState>
<isSurrogateKey>false</isSurrogateKey>
<indexColumnUsage>
<colUsage columnID="D08F59DA-928A-D983-2385-B91751A01941"/>
</indexColumnUsage>
</ind_PK_UK>
<ind_PK_UK id="32B553EA-308F-333F-3A4E-2ABD5B074C9C" name="CONTA_PARCEIRO_FK">
<createdBy>henri</createdBy>
<createdTime>2024-06-18 00:12:16 UTC</createdTime>
<generatorID>9C2B1D16-B968-E376-EBCA-E0B349A06EBD</generatorID>
<ownerDesignName>Modelo Logico - iFood</ownerDesignName>
<indexState>Foreign Key</indexState>
<isSurrogateKey>false</isSurrogateKey>
<indexColumnUsage>
<colUsage columnID="29F195A0-55BE-B893-2A5F-15BDCD775BB6"/>
</indexColumnUsage>
</ind_PK_UK>
</indexes>
</Table>
