<?xml version = '1.0' encoding = 'UTF-8'?>
<Relation class="oracle.dbtools.crest.model.design.logical.Relation" name="Relation_3" directorySegmentName="seg_0" id="15BAE519-BBFC-6CB7-F1E2-FA4E288537CF">
<createdBy>henrique</createdBy>
<createdTime>2024-05-13 22:51:35 UTC</createdTime>
<ownerDesignName>Modelo Logico - Agenda</ownerDesignName>
<engineerTo>
<item key="2AB7A64F-F9EA-6330-7A13-5DAFB8E08E43" value="true"/>
</engineerTo>
<sourcePk>1914545D-6F99-2B2C-B72F-A3CA96AEB087</sourcePk>
<targetPk>35DFB0CF-4F1F-F54F-50BC-D31AFB9F99AA</targetPk>
<identifying>true</identifying>
<optionalSource>true</optionalSource>
<optionalTarget>false</optionalTarget>
<sourceCardinality>1</sourceCardinality>
<sourceEntity>C36BF10D-736B-9447-09B3-300E861301EC</sourceEntity>
<targetCardinalityString>*</targetCardinalityString>
<targetEntity>5F6E8802-1C5A-185B-2C82-4E61354E4356</targetEntity>
<transferable>true</transferable>
<deleteRule>NO ACTION</deleteRule>
</Relation>