<?xml version = '1.0' encoding = 'UTF-8'?>
<Diagram class="oracle.dbtools.crest.swingui.logical.DPVLogical" name="Logical" id="797E94CD-3E93-E774-9C85-D0B2BDFA6BC4">
<createdBy>henri</createdBy>
<modifiedBy>henri</modifiedBy>
<createdTime>2024-06-17 22:34:47 UTC</createdTime>
<autoRoute>false</autoRoute>
<boxInbox>true</boxInbox>
<showLegend>false</showLegend>
<showLabels>false</showLabels>
<showRelAttributes>true</showRelAttributes>
<gridEnabled>false</gridEnabled>
<showGrid>false</showGrid>
<diagramColor>-1</diagramColor>
<display>false</display>
<notation>1</notation>
<objectViews>
<OView class="oracle.dbtools.crest.swingui.logical.TVEntity" oid="17FDA1F7-F1D7-42BE-D711-04098CF7AB1A" otype="Entity" vid="C71A1918-ED67-B5D5-0145-C36BF44641A4">
<hideElementsInCurrentOnly>false</hideElementsInCurrentOnly>
<bounds x="1097" y="687" width="211" height="92"/>
</OView>
<OView class="oracle.dbtools.crest.swingui.logical.TVEntity" oid="3F941B6E-3CD2-6DB4-100D-BE316263161F" otype="Entity" vid="2CB53504-F15C-FBA4-F8FB-ED9FB53439C9">
<hideElementsInCurrentOnly>false</hideElementsInCurrentOnly>
<bounds x="748" y="590" width="245" height="128"/>
</OView>
<OView class="oracle.dbtools.crest.swingui.logical.TVEntity" oid="739DAD40-FCF0-5EFD-08EF-52F7B3442952" otype="Entity" vid="8270759B-9F37-EA9A-8D21-3300A5F06553">
<hideElementsInCurrentOnly>false</hideElementsInCurrentOnly>
<bounds x="1097" y="560" width="210" height="83"/>
</OView>
<OView class="oracle.dbtools.crest.swingui.logical.TVEntity" oid="7A34D52A-4B36-C175-5E2D-AC4B7AACA678" otype="Entity" vid="C040E96C-2D85-6BC1-7EB7-0FB56D866A42">
<hideElementsInCurrentOnly>false</hideElementsInCurrentOnly>
<bounds x="364" y="365" width="257" height="154"/>
</OView>
<OView class="oracle.dbtools.crest.swingui.logical.TVEntity" oid="9A129F57-DBC0-01E0-1EAC-54B9D51DDA83" otype="Entity" vid="41B1420B-C6C5-453A-E4E0-F241EFC78281">
<hideElementsInCurrentOnly>false</hideElementsInCurrentOnly>
<bounds x="121" y="377" width="161" height="129"/>
</OView>
<OView class="oracle.dbtools.crest.swingui.logical.TVEntity" oid="B933A508-1919-B3FE-F3F8-FEFFD6C86D0D" otype="Entity" vid="5C43254B-1ABB-4845-D8FF-3BCC8D04B812">
<hideElementsInCurrentOnly>false</hideElementsInCurrentOnly>
<bounds x="115" y="590" width="178" height="123"/>
</OView>
<OView class="oracle.dbtools.crest.swingui.logical.TVEntity" oid="C5F04DE3-C9F9-17B4-CAD8-77A9BEE4A3F4" otype="Entity" vid="30EF3D53-4648-B3F2-69F2-AB5F8E75C682">
<hideElementsInCurrentOnly>false</hideElementsInCurrentOnly>
<bounds x="1098" y="382" width="243" height="129"/>
</OView>
<OView class="oracle.dbtools.crest.swingui.logical.TVEntity" oid="C8457D2B-2471-E3F1-9E7C-E8040F7C1247" otype="Entity" vid="9673FF1B-16E6-9E3F-4580-3F8150DD42A5">
<hideElementsInCurrentOnly>false</hideElementsInCurrentOnly>
<bounds x="727" y="196" width="271" height="84"/>
</OView>
<OView class="oracle.dbtools.crest.swingui.logical.TVEntity" oid="E07662F4-36C9-6C39-6CC0-FD3FFC73B70E" otype="Entity" vid="378B64A6-BAA9-CAAD-F03D-42C506DB6F60">
<hideElementsInCurrentOnly>false</hideElementsInCurrentOnly>
<bounds x="390" y="151" width="221" height="145"/>
</OView>
<OView class="oracle.dbtools.crest.swingui.logical.TVEntity" oid="E38A430F-0347-4088-6206-C5142CB08F3F" otype="Entity" vid="1BFE878F-F3F4-B9D7-4483-D25E237EA612">
<hideElementsInCurrentOnly>false</hideElementsInCurrentOnly>
<bounds x="411" y="587" width="179" height="125"/>
</OView>
<OView class="oracle.dbtools.crest.swingui.logical.TVEntity" oid="EE58B421-4B5D-12C5-1541-EBFBF48D5492" otype="Entity" vid="F838F0A1-7740-1255-96FC-AF69AB8DC17F">
<hideElementsInCurrentOnly>false</hideElementsInCurrentOnly>
<bounds x="737" y="349" width="253" height="183"/>
</OView>
<OView class="oracle.dbtools.crest.swingui.logical.TVEntity" oid="F8096B01-E172-1CCF-D35A-4F2DF69AADF3" otype="Entity" vid="082A6AF3-F94B-1F16-30A7-9DBA78F7DCD8">
<hideElementsInCurrentOnly>false</hideElementsInCurrentOnly>
<bounds x="1100" y="149" width="244" height="123"/>
</OView>
</objectViews>
<connectors>
<Connector class="oracle.dbtools.crest.swingui.logical.TVRelation" oid="10FF202C-6750-4D06-D83D-CEA6F28CF4C7" otype="Relation" vid_source="F838F0A1-7740-1255-96FC-AF69AB8DC17F" vid_target="30EF3D53-4648-B3F2-69F2-AB5F8E75C682">
<hideElementsInCurrentOnly>false</hideElementsInCurrentOnly>
<backgroundColor>-16777216</backgroundColor>
<lineWidth>1</lineWidth>
<points>
<point x="990" y="446"/>
<point x="1098" y="446"/>
</points>
</Connector>
<Connector class="oracle.dbtools.crest.swingui.logical.TVRelation" oid="3889FC0C-7860-DB7E-1613-481C38267420" otype="Relation" vid_source="F838F0A1-7740-1255-96FC-AF69AB8DC17F" vid_target="9673FF1B-16E6-9E3F-4580-3F8150DD42A5">
<hideElementsInCurrentOnly>false</hideElementsInCurrentOnly>
<backgroundColor>-16777216</backgroundColor>
<lineWidth>1</lineWidth>
<points>
<point x="865" y="349"/>
<point x="863" y="280"/>
</points>
</Connector>
<Connector class="oracle.dbtools.crest.swingui.logical.TVRelation" oid="486ACC4E-449C-8CBA-B67A-C113300B4804" otype="Relation" vid_source="8270759B-9F37-EA9A-8D21-3300A5F06553" vid_target="C71A1918-ED67-B5D5-0145-C36BF44641A4">
<hideElementsInCurrentOnly>false</hideElementsInCurrentOnly>
<backgroundColor>-16777216</backgroundColor>
<lineWidth>1</lineWidth>
<points>
<point x="1202" y="643"/>
<point x="1202" y="687"/>
</points>
</Connector>
<Connector class="oracle.dbtools.crest.swingui.logical.TVRelation" oid="5EB3D67D-7E6B-D734-7DAA-0597FAA31769" otype="Relation" vid_source="F838F0A1-7740-1255-96FC-AF69AB8DC17F" vid_target="2CB53504-F15C-FBA4-F8FB-ED9FB53439C9">
<hideElementsInCurrentOnly>false</hideElementsInCurrentOnly>
<backgroundColor>-16777216</backgroundColor>
<lineWidth>1</lineWidth>
<points>
<point x="869" y="532"/>
<point x="869" y="590"/>
</points>
</Connector>
<Connector class="oracle.dbtools.crest.swingui.logical.TVRelation" oid="726031BF-18D8-CA03-19A9-8850F7A82ABF" otype="Relation" vid_source="C040E96C-2D85-6BC1-7EB7-0FB56D866A42" vid_target="1BFE878F-F3F4-B9D7-4483-D25E237EA612">
<hideElementsInCurrentOnly>false</hideElementsInCurrentOnly>
<backgroundColor>-16777216</backgroundColor>
<lineWidth>1</lineWidth>
<points>
<point x="500" y="519"/>
<point x="500" y="587"/>
</points>
</Connector>
<Connector class="oracle.dbtools.crest.swingui.logical.TVRelation" oid="73277E4F-B347-BB93-931E-B7AC910138F1" otype="Relation" vid_source="F838F0A1-7740-1255-96FC-AF69AB8DC17F" vid_target="8270759B-9F37-EA9A-8D21-3300A5F06553">
<hideElementsInCurrentOnly>false</hideElementsInCurrentOnly>
<backgroundColor>-16777216</backgroundColor>
<lineWidth>1</lineWidth>
<points>
<point x="990" y="500"/>
<point x="1114" y="560"/>
</points>
</Connector>
<Connector class="oracle.dbtools.crest.swingui.logical.TVRelation" oid="7FE8306E-5D1A-A7EE-8C75-B3CCC2A7D297" otype="Relation" vid_source="9673FF1B-16E6-9E3F-4580-3F8150DD42A5" vid_target="082A6AF3-F94B-1F16-30A7-9DBA78F7DCD8">
<hideElementsInCurrentOnly>false</hideElementsInCurrentOnly>
<backgroundColor>-16777216</backgroundColor>
<lineWidth>1</lineWidth>
<points>
<point x="998" y="234"/>
<point x="1100" y="234"/>
</points>
</Connector>
<Connector class="oracle.dbtools.crest.swingui.logical.TVRelation" oid="972A6797-484A-48CD-39D8-8AB46B6A94FE" otype="Relation" vid_source="1BFE878F-F3F4-B9D7-4483-D25E237EA612" vid_target="5C43254B-1ABB-4845-D8FF-3BCC8D04B812">
<hideElementsInCurrentOnly>false</hideElementsInCurrentOnly>
<backgroundColor>-16777216</backgroundColor>
<lineWidth>1</lineWidth>
<points>
<point x="411" y="651"/>
<point x="293" y="651"/>
</points>
</Connector>
<Connector class="oracle.dbtools.crest.swingui.logical.TVRelation" oid="9BBAB05A-BA12-2CD6-529A-0D0F0FB279E9" otype="Relation" vid_source="41B1420B-C6C5-453A-E4E0-F241EFC78281" vid_target="C040E96C-2D85-6BC1-7EB7-0FB56D866A42">
<hideElementsInCurrentOnly>false</hideElementsInCurrentOnly>
<backgroundColor>-16777216</backgroundColor>
<lineWidth>1</lineWidth>
<points>
<point x="282" y="441"/>
<point x="364" y="441"/>
</points>
</Connector>
<Connector class="oracle.dbtools.crest.swingui.logical.TVRelation" oid="B4AC2C7C-EF8D-72B9-E784-4C1879AD14FC" otype="Relation" vid_source="F838F0A1-7740-1255-96FC-AF69AB8DC17F" vid_target="C040E96C-2D85-6BC1-7EB7-0FB56D866A42">
<hideElementsInCurrentOnly>false</hideElementsInCurrentOnly>
<backgroundColor>-16777216</backgroundColor>
<lineWidth>1</lineWidth>
<points>
<point x="737" y="442"/>
<point x="621" y="442"/>
</points>
</Connector>
<Connector class="oracle.dbtools.crest.swingui.logical.TVRelation" oid="FD058F49-E835-3F12-418C-EB1A15F9B254" otype="Relation" vid_source="C040E96C-2D85-6BC1-7EB7-0FB56D866A42" vid_target="378B64A6-BAA9-CAAD-F03D-42C506DB6F60">
<hideElementsInCurrentOnly>false</hideElementsInCurrentOnly>
<backgroundColor>-16777216</backgroundColor>
<lineWidth>1</lineWidth>
<points>
<point x="500" y="365"/>
<point x="500" y="296"/>
</points>
</Connector>
</connectors>
<displays>
<Display class="oracle.dbtools.crest.swingui.logical.DPVLogical" name="Display_1" id="847C7FFB-2C28-E22F-C75E-9C6F23518437">
<createdBy>henri</createdBy>
<modifiedBy>henri</modifiedBy>
<createdTime>2024-06-17 22:34:56 UTC</createdTime>
<autoRoute>false</autoRoute>
<boxInbox>true</boxInbox>
<showLegend>false</showLegend>
<showLabels>false</showLabels>
<showRelAttributes>false</showRelAttributes>
<gridEnabled>false</gridEnabled>
<showGrid>false</showGrid>
<diagramColor>-1</diagramColor>
<display>true</display>
<notation>1</notation>
<objectViews>
<OView class="oracle.dbtools.crest.swingui.logical.TVEntity" oid="17FDA1F7-F1D7-42BE-D711-04098CF7AB1A" otype="Entity" vid="C5AB8E36-4A82-BFA3-28FB-F19BCD742C8D">
<hideElementsInCurrentOnly>false</hideElementsInCurrentOnly>
<bounds x="90" y="130" width="170" height="110"/>
</OView>
<OView class="oracle.dbtools.crest.swingui.logical.TVEntity" oid="3F941B6E-3CD2-6DB4-100D-BE316263161F" otype="Entity" vid="4D75BA9A-1683-E940-E01F-8D22AA305738">
<hideElementsInCurrentOnly>false</hideElementsInCurrentOnly>
<bounds x="290" y="530" width="170" height="110"/>
</OView>
<OView class="oracle.dbtools.crest.swingui.logical.TVEntity" oid="739DAD40-FCF0-5EFD-08EF-52F7B3442952" otype="Entity" vid="03E81A32-A083-DB6E-DEC3-80F848D21AB4">
<hideElementsInCurrentOnly>false</hideElementsInCurrentOnly>
<bounds x="60" y="70" width="170" height="110"/>
</OView>
<OView class="oracle.dbtools.crest.swingui.logical.TVEntity" oid="7A34D52A-4B36-C175-5E2D-AC4B7AACA678" otype="Entity" vid="4970949D-F175-D52B-D043-5709E0C15D0C">
<hideElementsInCurrentOnly>false</hideElementsInCurrentOnly>
<bounds x="180" y="310" width="170" height="110"/>
</OView>
<OView class="oracle.dbtools.crest.swingui.logical.TVEntity" oid="9A129F57-DBC0-01E0-1EAC-54B9D51DDA83" otype="Entity" vid="299C6CF5-0C4F-09A2-0227-6D3F350BEE23">
<hideElementsInCurrentOnly>false</hideElementsInCurrentOnly>
<bounds x="260" y="470" width="170" height="110"/>
</OView>
<OView class="oracle.dbtools.crest.swingui.logical.TVEntity" oid="B933A508-1919-B3FE-F3F8-FEFFD6C86D0D" otype="Entity" vid="8EBF2086-8269-796C-35BE-F62691D4857B">
<hideElementsInCurrentOnly>false</hideElementsInCurrentOnly>
<bounds x="220" y="390" width="170" height="110"/>
</OView>
<OView class="oracle.dbtools.crest.swingui.logical.TVEntity" oid="C5F04DE3-C9F9-17B4-CAD8-77A9BEE4A3F4" otype="Entity" vid="FE83D8F3-AB46-296C-ED52-9F929754644E">
<hideElementsInCurrentOnly>false</hideElementsInCurrentOnly>
<bounds x="280" y="510" width="170" height="110"/>
</OView>
<OView class="oracle.dbtools.crest.swingui.logical.TVEntity" oid="C8457D2B-2471-E3F1-9E7C-E8040F7C1247" otype="Entity" vid="69CC3304-983F-685D-2C4B-07E0D4126682">
<hideElementsInCurrentOnly>false</hideElementsInCurrentOnly>
<bounds x="130" y="210" width="170" height="110"/>
</OView>
<OView class="oracle.dbtools.crest.swingui.logical.TVEntity" oid="E07662F4-36C9-6C39-6CC0-FD3FFC73B70E" otype="Entity" vid="937A1ECC-CF55-F999-3A55-8AB055501E72">
<hideElementsInCurrentOnly>false</hideElementsInCurrentOnly>
<bounds x="240" y="430" width="170" height="110"/>
</OView>
<OView class="oracle.dbtools.crest.swingui.logical.TVEntity" oid="E38A430F-0347-4088-6206-C5142CB08F3F" otype="Entity" vid="F8E48CDD-9B88-14CF-5DF5-57A80BCA2393">
<hideElementsInCurrentOnly>false</hideElementsInCurrentOnly>
<bounds x="200" y="350" width="170" height="110"/>
</OView>
<OView class="oracle.dbtools.crest.swingui.logical.TVEntity" oid="EE58B421-4B5D-12C5-1541-EBFBF48D5492" otype="Entity" vid="ABA19E4A-B575-C35E-A26A-F8353E7A3E90">
<hideElementsInCurrentOnly>false</hideElementsInCurrentOnly>
<bounds x="140" y="230" width="170" height="110"/>
</OView>
<OView class="oracle.dbtools.crest.swingui.logical.TVEntity" oid="F8096B01-E172-1CCF-D35A-4F2DF69AADF3" otype="Entity" vid="291D300E-A7DA-DA67-9A38-FB643385EF99">
<hideElementsInCurrentOnly>false</hideElementsInCurrentOnly>
<bounds x="160" y="270" width="170" height="110"/>
</OView>
</objectViews>
<connectors>
<Connector class="oracle.dbtools.crest.swingui.logical.TVRelation" oid="10FF202C-6750-4D06-D83D-CEA6F28CF4C7" otype="Relation" vid_source="ABA19E4A-B575-C35E-A26A-F8353E7A3E90" vid_target="FE83D8F3-AB46-296C-ED52-9F929754644E">
<hideElementsInCurrentOnly>false</hideElementsInCurrentOnly>
<backgroundColor>-16777216</backgroundColor>
<lineWidth>1</lineWidth>
<points>
<point x="295" y="340"/>
<point x="295" y="510"/>
</points>
</Connector>
<Connector class="oracle.dbtools.crest.swingui.logical.TVRelation" oid="3889FC0C-7860-DB7E-1613-481C38267420" otype="Relation" vid_source="ABA19E4A-B575-C35E-A26A-F8353E7A3E90" vid_target="69CC3304-983F-685D-2C4B-07E0D4126682">
<hideElementsInCurrentOnly>false</hideElementsInCurrentOnly>
<backgroundColor>-16777216</backgroundColor>
<lineWidth>1</lineWidth>
</Connector>
<Connector class="oracle.dbtools.crest.swingui.logical.TVRelation" oid="486ACC4E-449C-8CBA-B67A-C113300B4804" otype="Relation" vid_source="03E81A32-A083-DB6E-DEC3-80F848D21AB4" vid_target="C5AB8E36-4A82-BFA3-28FB-F19BCD742C8D">
<hideElementsInCurrentOnly>false</hideElementsInCurrentOnly>
<backgroundColor>-16777216</backgroundColor>
<lineWidth>1</lineWidth>
<points>
<point x="230" y="155"/>
<point x="90" y="155"/>
</points>
</Connector>
<Connector class="oracle.dbtools.crest.swingui.logical.TVRelation" oid="5EB3D67D-7E6B-D734-7DAA-0597FAA31769" otype="Relation" vid_source="ABA19E4A-B575-C35E-A26A-F8353E7A3E90" vid_target="4D75BA9A-1683-E940-E01F-8D22AA305738">
<hideElementsInCurrentOnly>false</hideElementsInCurrentOnly>
<backgroundColor>-16777216</backgroundColor>
<lineWidth>1</lineWidth>
<points>
<point x="300" y="340"/>
<point x="300" y="530"/>
</points>
</Connector>
<Connector class="oracle.dbtools.crest.swingui.logical.TVRelation" oid="726031BF-18D8-CA03-19A9-8850F7A82ABF" otype="Relation" vid_source="4970949D-F175-D52B-D043-5709E0C15D0C" vid_target="F8E48CDD-9B88-14CF-5DF5-57A80BCA2393">
<hideElementsInCurrentOnly>false</hideElementsInCurrentOnly>
<backgroundColor>-16777216</backgroundColor>
<lineWidth>1</lineWidth>
<points>
<point x="350" y="385"/>
<point x="200" y="385"/>
</points>
</Connector>
<Connector class="oracle.dbtools.crest.swingui.logical.TVRelation" oid="73277E4F-B347-BB93-931E-B7AC910138F1" otype="Relation" vid_source="ABA19E4A-B575-C35E-A26A-F8353E7A3E90" vid_target="03E81A32-A083-DB6E-DEC3-80F848D21AB4">
<hideElementsInCurrentOnly>false</hideElementsInCurrentOnly>
<backgroundColor>-16777216</backgroundColor>
<lineWidth>1</lineWidth>
</Connector>
<Connector class="oracle.dbtools.crest.swingui.logical.TVRelation" oid="7FE8306E-5D1A-A7EE-8C75-B3CCC2A7D297" otype="Relation" vid_source="69CC3304-983F-685D-2C4B-07E0D4126682" vid_target="291D300E-A7DA-DA67-9A38-FB643385EF99">
<hideElementsInCurrentOnly>false</hideElementsInCurrentOnly>
<backgroundColor>-16777216</backgroundColor>
<lineWidth>1</lineWidth>
<points>
<point x="300" y="295"/>
<point x="160" y="295"/>
</points>
</Connector>
<Connector class="oracle.dbtools.crest.swingui.logical.TVRelation" oid="972A6797-484A-48CD-39D8-8AB46B6A94FE" otype="Relation" vid_source="F8E48CDD-9B88-14CF-5DF5-57A80BCA2393" vid_target="8EBF2086-8269-796C-35BE-F62691D4857B">
<hideElementsInCurrentOnly>false</hideElementsInCurrentOnly>
<backgroundColor>-16777216</backgroundColor>
<lineWidth>1</lineWidth>
<points>
<point x="370" y="425"/>
<point x="220" y="425"/>
</points>
</Connector>
<Connector class="oracle.dbtools.crest.swingui.logical.TVRelation" oid="9BBAB05A-BA12-2CD6-529A-0D0F0FB279E9" otype="Relation" vid_source="299C6CF5-0C4F-09A2-0227-6D3F350BEE23" vid_target="4970949D-F175-D52B-D043-5709E0C15D0C">
<hideElementsInCurrentOnly>false</hideElementsInCurrentOnly>
<backgroundColor>-16777216</backgroundColor>
<lineWidth>1</lineWidth>
<points>
<point x="305" y="470"/>
<point x="305" y="420"/>
</points>
</Connector>
<Connector class="oracle.dbtools.crest.swingui.logical.TVRelation" oid="B4AC2C7C-EF8D-72B9-E784-4C1879AD14FC" otype="Relation" vid_source="ABA19E4A-B575-C35E-A26A-F8353E7A3E90" vid_target="4970949D-F175-D52B-D043-5709E0C15D0C">
<hideElementsInCurrentOnly>false</hideElementsInCurrentOnly>
<backgroundColor>-16777216</backgroundColor>
<lineWidth>1</lineWidth>
<points>
<point x="310" y="325"/>
<point x="180" y="325"/>
</points>
</Connector>
<Connector class="oracle.dbtools.crest.swingui.logical.TVRelation" oid="FD058F49-E835-3F12-418C-EB1A15F9B254" otype="Relation" vid_source="4970949D-F175-D52B-D043-5709E0C15D0C" vid_target="937A1ECC-CF55-F999-3A55-8AB055501E72">
<hideElementsInCurrentOnly>false</hideElementsInCurrentOnly>
<backgroundColor>-16777216</backgroundColor>
<lineWidth>1</lineWidth>
<points>
<point x="295" y="420"/>
<point x="295" y="430"/>
</points>
</Connector>
</connectors>
</Display>
</displays>
</Diagram>
