<?xml version = '1.0' encoding = 'UTF-8'?>
<relationalModel class="oracle.dbtools.crest.model.design.relational.RelationalDesign" name="Relational_1" id="50A8BC39-F982-102E-F52A-3561C74D392C" mainViewID="2D10F6F9-C1C5-40BD-F6CB-B4890769EDE8">
<createdBy>henri</createdBy>
<createdTime>2024-06-18 00:12:08 UTC</createdTime>
<ownerDesignName>Modelo Logico - iFood</ownerDesignName>
<shouldBeOpen>false</shouldBeOpen>
<selectedRDBMSSite>32076570-2523-435C-2E92-BF29817DFF70</selectedRDBMSSite>
</relationalModel>
