<?xml version = '1.0' encoding = 'UTF-8'?>
<Entity class="oracle.dbtools.crest.model.design.logical.Entity" directorySegmentName="seg_0" id="C36BF10D-736B-9447-09B3-300E861301EC" name="CONTATO">
<createdBy>henrique</createdBy>
<createdTime>2024-05-13 22:22:23 UTC</createdTime>
<ownerDesignName>Modelo Logico - Agenda</ownerDesignName>
<engineerTo>
<item key="2AB7A64F-F9EA-6330-7A13-5DAFB8E08E43" value="true"/>
</engineerTo>
<adequatelyNormalized>NO</adequatelyNormalized>
<expectedVolumes>0</expectedVolumes>
<fwdEngineeringStrategyName>Single Table</fwdEngineeringStrategyName>
<growthPercent>0</growthPercent>
<growthType>Year</growthType>
<maxVolumes>9999999</maxVolumes>
<minVolumes>0</minVolumes>
<normalForm>Third</normalForm>
<preferredAbbreviation>CON</preferredAbbreviation>
<attributes itemClass="oracle.dbtools.crest.model.design.logical.Attribute">
<Attribute name="ID" id="5E3A1B82-9195-94A7-268E-0194599AE6EE">
<createdBy>henrique</createdBy>
<createdTime>2024-05-13 22:22:55 UTC</createdTime>
<ownerDesignName>Modelo Logico - Agenda</ownerDesignName>
<engineerTo>
<item key="2AB7A64F-F9EA-6330-7A13-5DAFB8E08E43" value="true"/>
</engineerTo>
<useDomainConstraints>false</useDomainConstraints>
<use>1</use>
<logicalDatatype>LOGDT011</logicalDatatype>
<ownDataTypeParameters>,,</ownDataTypeParameters>
</Attribute>
<Attribute name="NOME" id="F8E9F947-8897-7D0B-C896-2C142CB38182">
<createdBy>henrique</createdBy>
<createdTime>2024-05-13 22:23:35 UTC</createdTime>
<ownerDesignName>Modelo Logico - Agenda</ownerDesignName>
<engineerTo>
<item key="2AB7A64F-F9EA-6330-7A13-5DAFB8E08E43" value="true"/>
</engineerTo>
<useDomainConstraints>false</useDomainConstraints>
<use>1</use>
<logicalDatatype>LOGDT024</logicalDatatype>
<dataTypeSize>100 CHAR</dataTypeSize>
<ownDataTypeParameters>100 CHAR,,</ownDataTypeParameters>
</Attribute>
<Attribute name="SOBRENOME" id="CE43CA7B-E738-5455-882B-05F2760664FA">
<createdBy>henrique</createdBy>
<createdTime>2024-05-13 22:24:52 UTC</createdTime>
<ownerDesignName>Modelo Logico - Agenda</ownerDesignName>
<engineerTo>
<item key="2AB7A64F-F9EA-6330-7A13-5DAFB8E08E43" value="true"/>
</engineerTo>
<nullsAllowed>true</nullsAllowed>
<useDomainConstraints>false</useDomainConstraints>
<use>1</use>
<logicalDatatype>LOGDT024</logicalDatatype>
<dataTypeSize>100 CHAR</dataTypeSize>
<ownDataTypeParameters>100 CHAR,,</ownDataTypeParameters>
</Attribute>
<Attribute name="APELIDO" id="8FDA5B25-4307-94B1-C516-3EFCBAB7A1B6">
<createdBy>henrique</createdBy>
<createdTime>2024-05-13 22:25:45 UTC</createdTime>
<ownerDesignName>Modelo Logico - Agenda</ownerDesignName>
<engineerTo>
<item key="2AB7A64F-F9EA-6330-7A13-5DAFB8E08E43" value="true"/>
</engineerTo>
<nullsAllowed>true</nullsAllowed>
<useDomainConstraints>false</useDomainConstraints>
<use>1</use>
<logicalDatatype>LOGDT024</logicalDatatype>
<dataTypeSize>50 CHAR</dataTypeSize>
<ownDataTypeParameters>50 CHAR,,</ownDataTypeParameters>
</Attribute>
<Attribute name="EMPRESA" id="369F31BE-2282-7723-6EAB-2512D13F1F98">
<createdBy>henrique</createdBy>
<createdTime>2024-05-13 22:26:42 UTC</createdTime>
<ownerDesignName>Modelo Logico - Agenda</ownerDesignName>
<engineerTo>
<item key="2AB7A64F-F9EA-6330-7A13-5DAFB8E08E43" value="true"/>
</engineerTo>
<nullsAllowed>true</nullsAllowed>
<useDomainConstraints>false</useDomainConstraints>
<use>1</use>
<logicalDatatype>LOGDT024</logicalDatatype>
<dataTypeSize>50</dataTypeSize>
<ownDataTypeParameters>50,,</ownDataTypeParameters>
</Attribute>
<Attribute name="DATA_NASCIMENTO" id="ABF8A376-C86C-B0AB-6A78-B3BC0BE136C3">
<createdBy>henrique</createdBy>
<createdTime>2024-05-13 22:27:37 UTC</createdTime>
<ownerDesignName>Modelo Logico - Agenda</ownerDesignName>
<engineerTo>
<item key="2AB7A64F-F9EA-6330-7A13-5DAFB8E08E43" value="true"/>
</engineerTo>
<nullsAllowed>true</nullsAllowed>
<useDomainConstraints>false</useDomainConstraints>
<use>1</use>
<logicalDatatype>LOGDT008</logicalDatatype>
<ownDataTypeParameters>,,</ownDataTypeParameters>
</Attribute>
</attributes>
<identifiers itemClass="oracle.dbtools.crest.model.design.logical.CandidateKey">
<identifier id="1914545D-6F99-2B2C-B72F-A3CA96AEB087" name="CONTATO PK">
<createdBy>henrique</createdBy>
<createdTime>2024-05-13 22:23:08 UTC</createdTime>
<ownerDesignName>Modelo Logico - Agenda</ownerDesignName>
<engineerTo>
<item key="2AB7A64F-F9EA-6330-7A13-5DAFB8E08E43" value="true"/>
</engineerTo>
<pk>true</pk>
<usedAttributes>
<attributeRef>5E3A1B82-9195-94A7-268E-0194599AE6EE</attributeRef>
</usedAttributes>
</identifier>
</identifiers>
</Entity>