<?xml version = '1.0' encoding = 'UTF-8'?>
<Diagram class="oracle.dbtools.crest.swingui.relational.DPVRelational" name="Relational_1" id="2D10F6F9-C1C5-40BD-F6CB-B4890769EDE8">
<createdBy>henri</createdBy>
<modifiedBy>henri</modifiedBy>
<createdTime>2024-06-18 00:12:08 UTC</createdTime>
<autoRoute>false</autoRoute>
<boxInbox>true</boxInbox>
<showLegend>false</showLegend>
<showLabels>false</showLabels>
<showRelAttributes>false</showRelAttributes>
<gridEnabled>false</gridEnabled>
<showGrid>false</showGrid>
<diagramColor>-1</diagramColor>
<display>false</display>
<notation>1</notation>
<objectViews>
<OView class="oracle.dbtools.crest.swingui.relational.TVTable" oid="3314383F-5F47-23BA-2087-B13033411B26" otype="Table" vid="BDFB4195-485F-465D-CA14-DCBF9C60576E">
<hideElementsInCurrentOnly>false</hideElementsInCurrentOnly>
<bounds x="1075" y="385" width="243" height="129"/>
</OView>
<OView class="oracle.dbtools.crest.swingui.relational.TVTable" oid="3BE39C79-8D6C-9F6D-CD42-860BAAD4FF09" otype="Table" vid="4DFEEC6B-FC71-A694-B84A-FEE686E2BF66">
<hideElementsInCurrentOnly>false</hideElementsInCurrentOnly>
<bounds x="81" y="572" width="178" height="123"/>
</OView>
<OView class="oracle.dbtools.crest.swingui.relational.TVTable" oid="4390089B-ECD3-1E35-6319-0B56966262EC" otype="Table" vid="AD6ED752-3424-25B9-D580-AEF79E16B525">
<hideElementsInCurrentOnly>false</hideElementsInCurrentOnly>
<bounds x="737" y="349" width="253" height="183"/>
</OView>
<OView class="oracle.dbtools.crest.swingui.relational.TVTable" oid="6F12A196-A826-3B55-9D21-9BCBA086253C" otype="Table" vid="DA5B0BB9-EC42-7682-4A4E-B80EFAB04389">
<hideElementsInCurrentOnly>false</hideElementsInCurrentOnly>
<bounds x="308" y="736" width="170" height="110"/>
</OView>
<OView class="oracle.dbtools.crest.swingui.relational.TVTable" oid="8A7804CD-D3D4-327C-E857-4079D90E344B" otype="Table" vid="BEF90D2E-8ED7-C014-717A-A2D301D73472">
<hideElementsInCurrentOnly>false</hideElementsInCurrentOnly>
<bounds x="528" y="577" width="179" height="125"/>
</OView>
<OView class="oracle.dbtools.crest.swingui.relational.TVTable" oid="A9306436-A450-A097-6B0B-926BF6BC6B46" otype="Table" vid="B5A26497-9154-6F92-5C7F-5263D1D0B489">
<hideElementsInCurrentOnly>false</hideElementsInCurrentOnly>
<bounds x="311" y="588" width="170" height="110"/>
</OView>
<OView class="oracle.dbtools.crest.swingui.relational.TVTable" oid="A9BA3E22-E74B-974D-F109-129F78185890" otype="Table" vid="B0A97086-ECCD-312E-05ED-DBFE5AD49E26">
<hideElementsInCurrentOnly>false</hideElementsInCurrentOnly>
<bounds x="1064" y="150" width="244" height="123"/>
</OView>
<OView class="oracle.dbtools.crest.swingui.relational.TVTable" oid="B71ACD3A-4407-3273-CEB4-C10B1DBA04EF" otype="Table" vid="4027F486-BC9C-09E2-F10E-4FED6D38BA0D">
<hideElementsInCurrentOnly>false</hideElementsInCurrentOnly>
<bounds x="390" y="151" width="221" height="145"/>
</OView>
<OView class="oracle.dbtools.crest.swingui.relational.TVTable" oid="C6589832-A992-A6EB-147E-CE891898B62F" otype="Table" vid="F39E079B-58B0-95A9-3656-027A053A3F51">
<hideElementsInCurrentOnly>false</hideElementsInCurrentOnly>
<bounds x="364" y="365" width="257" height="154"/>
</OView>
<OView class="oracle.dbtools.crest.swingui.relational.TVTable" oid="CEF03E94-774B-8711-4DAA-F4C65264615F" otype="Table" vid="6AF0244C-8D8A-4E09-B0A0-11D8B388E4BE">
<hideElementsInCurrentOnly>false</hideElementsInCurrentOnly>
<bounds x="121" y="377" width="161" height="129"/>
</OView>
<OView class="oracle.dbtools.crest.swingui.relational.TVTable" oid="D09114B1-6014-268D-6733-C14E7AC507EE" otype="Table" vid="58348FA8-167A-3A2A-F94D-FB4960C5ECC6">
<hideElementsInCurrentOnly>false</hideElementsInCurrentOnly>
<bounds x="748" y="590" width="245" height="128"/>
</OView>
<OView class="oracle.dbtools.crest.swingui.relational.TVTable" oid="F7048D9D-4FF9-6D87-FD39-1DB0B0DD811B" otype="Table" vid="EFC46C10-8668-CC9B-64F2-328E82B87048">
<hideElementsInCurrentOnly>false</hideElementsInCurrentOnly>
<bounds x="727" y="196" width="271" height="84"/>
</OView>
</objectViews>
<connectors>
<Connector class="oracle.dbtools.crest.swingui.relational.TVFKRelation" oid="0960F650-BCBC-1698-1EA7-F6AB433AD270" otype="FKIndexAssociation" vid_source="F39E079B-58B0-95A9-3656-027A053A3F51" vid_target="4027F486-BC9C-09E2-F10E-4FED6D38BA0D">
<hideElementsInCurrentOnly>false</hideElementsInCurrentOnly>
<backgroundColor>-16777216</backgroundColor>
<lineWidth>1</lineWidth>
<points>
<point x="500" y="365"/>
<point x="500" y="296"/>
</points>
</Connector>
<Connector class="oracle.dbtools.crest.swingui.relational.TVFKRelation" oid="0C109264-5CAB-208D-FCA6-648D50A3ABEE" otype="FKIndexAssociation" vid_source="AD6ED752-3424-25B9-D580-AEF79E16B525" vid_target="BDFB4195-485F-465D-CA14-DCBF9C60576E">
<hideElementsInCurrentOnly>false</hideElementsInCurrentOnly>
<backgroundColor>-16777216</backgroundColor>
<lineWidth>1</lineWidth>
<points>
<point x="990" y="449"/>
<point x="1075" y="449"/>
</points>
</Connector>
<Connector class="oracle.dbtools.crest.swingui.relational.TVFKRelation" oid="1BCC3E51-FDC2-5705-CC05-2F3FAFD179A1" otype="FKIndexAssociation" vid_source="EFC46C10-8668-CC9B-64F2-328E82B87048" vid_target="B0A97086-ECCD-312E-05ED-DBFE5AD49E26">
<hideElementsInCurrentOnly>false</hideElementsInCurrentOnly>
<backgroundColor>-16777216</backgroundColor>
<lineWidth>1</lineWidth>
<points>
<point x="998" y="234"/>
<point x="1064" y="234"/>
</points>
</Connector>
<Connector class="oracle.dbtools.crest.swingui.relational.TVFKRelation" oid="2A0535FF-19B7-BD65-B7A6-4BE64D8F6099" otype="FKIndexAssociation" vid_source="BEF90D2E-8ED7-C014-717A-A2D301D73472" vid_target="DA5B0BB9-EC42-7682-4A4E-B80EFAB04389">
<hideElementsInCurrentOnly>false</hideElementsInCurrentOnly>
<backgroundColor>-16777216</backgroundColor>
<lineWidth>1</lineWidth>
<points>
<point x="528" y="699"/>
<point x="474" y="736"/>
</points>
</Connector>
<Connector class="oracle.dbtools.crest.swingui.relational.TVFKRelation" oid="51949728-B52A-6299-CA69-99AEE1497236" otype="FKIndexAssociation" vid_source="AD6ED752-3424-25B9-D580-AEF79E16B525" vid_target="EFC46C10-8668-CC9B-64F2-328E82B87048">
<hideElementsInCurrentOnly>false</hideElementsInCurrentOnly>
<backgroundColor>-16777216</backgroundColor>
<lineWidth>1</lineWidth>
<points>
<point x="863" y="349"/>
<point x="863" y="280"/>
</points>
</Connector>
<Connector class="oracle.dbtools.crest.swingui.relational.TVFKRelation" oid="770A394D-22A6-146A-F76C-CEF0F4480D66" otype="FKIndexAssociation" vid_source="AD6ED752-3424-25B9-D580-AEF79E16B525" vid_target="F39E079B-58B0-95A9-3656-027A053A3F51">
<hideElementsInCurrentOnly>false</hideElementsInCurrentOnly>
<backgroundColor>-16777216</backgroundColor>
<lineWidth>1</lineWidth>
<points>
<point x="737" y="442"/>
<point x="621" y="442"/>
</points>
</Connector>
<Connector class="oracle.dbtools.crest.swingui.relational.TVFKRelation" oid="A12AB7AF-A21C-F394-71F7-ACB5D1568F0C" otype="FKIndexAssociation" vid_source="6AF0244C-8D8A-4E09-B0A0-11D8B388E4BE" vid_target="F39E079B-58B0-95A9-3656-027A053A3F51">
<hideElementsInCurrentOnly>false</hideElementsInCurrentOnly>
<backgroundColor>-16777216</backgroundColor>
<lineWidth>1</lineWidth>
<points>
<point x="282" y="441"/>
<point x="364" y="441"/>
</points>
</Connector>
<Connector class="oracle.dbtools.crest.swingui.relational.TVFKRelation" oid="AA87B5A3-910D-462A-3E92-C692E57790AE" otype="FKIndexAssociation" vid_source="BEF90D2E-8ED7-C014-717A-A2D301D73472" vid_target="B5A26497-9154-6F92-5C7F-5263D1D0B489">
<hideElementsInCurrentOnly>false</hideElementsInCurrentOnly>
<backgroundColor>-16777216</backgroundColor>
<lineWidth>1</lineWidth>
<points>
<point x="528" y="643"/>
<point x="481" y="643"/>
</points>
</Connector>
<Connector class="oracle.dbtools.crest.swingui.relational.TVFKRelation" oid="BDD8DAF6-75E1-9E28-829A-C96B77931E4F" otype="FKIndexAssociation" vid_source="4DFEEC6B-FC71-A694-B84A-FEE686E2BF66" vid_target="DA5B0BB9-EC42-7682-4A4E-B80EFAB04389">
<hideElementsInCurrentOnly>false</hideElementsInCurrentOnly>
<backgroundColor>-16777216</backgroundColor>
<lineWidth>1</lineWidth>
<points>
<point x="257" y="695"/>
<point x="315" y="736"/>
</points>
</Connector>
<Connector class="oracle.dbtools.crest.swingui.relational.TVFKRelation" oid="CD4E0AAB-661C-44FE-2021-898C6D090985" otype="FKIndexAssociation" vid_source="F39E079B-58B0-95A9-3656-027A053A3F51" vid_target="B5A26497-9154-6F92-5C7F-5263D1D0B489">
<hideElementsInCurrentOnly>false</hideElementsInCurrentOnly>
<backgroundColor>-16777216</backgroundColor>
<lineWidth>1</lineWidth>
<points>
<point x="422" y="519"/>
<point x="422" y="588"/>
</points>
</Connector>
<Connector class="oracle.dbtools.crest.swingui.relational.TVFKRelation" oid="CDAD33F7-7D56-6373-A7D9-5DE8556777E4" otype="FKIndexAssociation" vid_source="AD6ED752-3424-25B9-D580-AEF79E16B525" vid_target="58348FA8-167A-3A2A-F94D-FB4960C5ECC6">
<hideElementsInCurrentOnly>false</hideElementsInCurrentOnly>
<backgroundColor>-16777216</backgroundColor>
<lineWidth>1</lineWidth>
<points>
<point x="869" y="532"/>
<point x="869" y="590"/>
</points>
</Connector>
</connectors>
</Diagram>
