<?xml version = '1.0' encoding = 'UTF-8'?>
<Entity class="oracle.dbtools.crest.model.design.logical.Entity" directorySegmentName="seg_0" id="2E1C3D11-18BE-C976-6AB8-FBC187FBE0C1" name="TIPO INVESTIMENTO">
<createdBy>henri</createdBy>
<createdTime>2024-05-25 02:27:43 UTC</createdTime>
<generatorID>C0247B16-43FB-001C-2D5D-B565D4B96BEA</generatorID>
<ownerDesignName>ModeloFisico</ownerDesignName>
<engineerTo>
<item key="5EE3ED64-B78B-78C0-2164-020F2B255B59" value="true"/>
<item key="DB559353-B6DF-6C65-3787-D7C995BEADF2" value="true"/>
</engineerTo>
<adequatelyNormalized>NO</adequatelyNormalized>
<expectedVolumes>0</expectedVolumes>
<fwdEngineeringStrategyName>Single Table</fwdEngineeringStrategyName>
<growthPercent>0</growthPercent>
<growthType>Year</growthType>
<maxVolumes>9999999</maxVolumes>
<minVolumes>0</minVolumes>
<normalForm>Third</normalForm>
<attributes itemClass="oracle.dbtools.crest.model.design.logical.Attribute">
<Attribute name="TIN IDPK" id="48F5FDAE-AA9F-C6D1-DE83-62698A4DFB5B">
<createdBy>henri</createdBy>
<createdTime>2024-05-25 02:27:43 UTC</createdTime>
<generatorID>54D85FDB-66B0-03F0-B016-84438E38BD2E</generatorID>
<ownerDesignName>ModeloFisico</ownerDesignName>
<engineerTo>
<item key="5EE3ED64-B78B-78C0-2164-020F2B255B59" value="true"/>
<item key="DB559353-B6DF-6C65-3787-D7C995BEADF2" value="true"/>
</engineerTo>
<useDomainConstraints>false</useDomainConstraints>
<use>1</use>
<logicalDatatype>LOGDT011</logicalDatatype>
<ownDataTypeParameters>,,</ownDataTypeParameters>
</Attribute>
<Attribute name="TIN USUARIO IDPK" id="841D9FD2-9660-B410-9EA8-EFA0C6BFCDB2">
<createdBy>henri</createdBy>
<createdTime>2024-05-25 02:27:43 UTC</createdTime>
<generatorID>61EE047D-A890-5388-C3D2-648758493619</generatorID>
<ownerDesignName>ModeloFisico</ownerDesignName>
<engineerTo>
<item key="5EE3ED64-B78B-78C0-2164-020F2B255B59" value="true"/>
<item key="DB559353-B6DF-6C65-3787-D7C995BEADF2" value="true"/>
</engineerTo>
<referedAttribute>CE0B0B8C-82E5-42D6-A2BD-7F01838ED164</referedAttribute>
<useDomainConstraints>false</useDomainConstraints>
<use>1</use>
<logicalDatatype>LOGDT011</logicalDatatype>
<ownDataTypeParameters>,,</ownDataTypeParameters>
</Attribute>
<Attribute name="TIN NOME" id="1D95B0DC-007E-FD0E-9300-B4B8513B3905">
<createdBy>henri</createdBy>
<createdTime>2024-05-25 02:27:43 UTC</createdTime>
<generatorID>83B91885-0316-FA4C-089A-07DA5525E772</generatorID>
<ownerDesignName>ModeloFisico</ownerDesignName>
<engineerTo>
<item key="5EE3ED64-B78B-78C0-2164-020F2B255B59" value="true"/>
<item key="DB559353-B6DF-6C65-3787-D7C995BEADF2" value="true"/>
</engineerTo>
<useDomainConstraints>false</useDomainConstraints>
<use>1</use>
<logicalDatatype>LOGDT024</logicalDatatype>
<dataTypeSize>50</dataTypeSize>
<ownDataTypeParameters>50,,</ownDataTypeParameters>
</Attribute>
</attributes>
<identifiers itemClass="oracle.dbtools.crest.model.design.logical.CandidateKey">
<identifier id="91BDA28D-B31E-B3DE-C8A2-D595A17D7DB3" name="TIPO INVESTIMENTO PK">
<createdBy>henri</createdBy>
<createdTime>2024-05-25 02:27:43 UTC</createdTime>
<generatorID>AD8BF3CE-BEF3-84F0-C8AF-62CF67CCC116</generatorID>
<ownerDesignName>ModeloFisico</ownerDesignName>
<engineerTo>
<item key="5EE3ED64-B78B-78C0-2164-020F2B255B59" value="true"/>
<item key="DB559353-B6DF-6C65-3787-D7C995BEADF2" value="true"/>
</engineerTo>
<pk>true</pk>
<usedAttributes>
<attributeRef>48F5FDAE-AA9F-C6D1-DE83-62698A4DFB5B</attributeRef>
</usedAttributes>
</identifier>
</identifiers>
</Entity>
