<?xml version = '1.0' encoding = 'UTF-8'?>
<Table class="oracle.dbtools.crest.model.design.relational.Table" directorySegmentName="seg_0" id="8A3FAB32-0489-A9B7-D553-D40411950721" name="RECEBIMENTO">
<createdBy>henri</createdBy>
<createdTime>2024-05-25 01:41:14 UTC</createdTime>
<ownerDesignName>ModeloFisico</ownerDesignName>
<ordsAlias>table_5</ordsAlias>
<allowColumnReorder>false</allowColumnReorder>
<existDependencyGenerateInDDl>true</existDependencyGenerateInDDl>
<parsed>true</parsed>
<columns itemClass="oracle.dbtools.crest.model.design.relational.Column">
<Column name="REC_IDPK" id="B5D1D1C0-8793-C26F-B82F-346F2781C97D">
<createdBy>henri</createdBy>
<createdTime>2024-05-25 01:42:44 UTC</createdTime>
<ownerDesignName>ModeloFisico</ownerDesignName>
<useDomainConstraints>false</useDomainConstraints>
<use>1</use>
<logicalDatatype>LOGDT011</logicalDatatype>
<ownDataTypeParameters>,,</ownDataTypeParameters>
<autoIncrementCycle>false</autoIncrementCycle>
</Column>
<Column name="REC_USUARIO_IDPK" id="80FE76DD-BF49-B937-463D-06F04BBC4BCB">
<createdBy>henri</createdBy>
<createdTime>2024-05-25 01:42:44 UTC</createdTime>
<ownerDesignName>ModeloFisico</ownerDesignName>
<useDomainConstraints>false</useDomainConstraints>
<use>1</use>
<logicalDatatype>LOGDT011</logicalDatatype>
<ownDataTypeParameters>,,</ownDataTypeParameters>
<autoIncrementCycle>false</autoIncrementCycle>
<associations>
<colAssociation fkAssociation="6134BAD1-23E7-2716-9396-68DAE7781720" referredColumn="E9FF690F-6A59-0BC8-5F97-C31A91B88B2A"/>
</associations>
</Column>
<Column name="REC_CATEGORIA_IDPK" id="FE7F24E2-210C-90B3-FD8E-AC6C2EC30238">
<createdBy>henri</createdBy>
<createdTime>2024-05-25 01:43:38 UTC</createdTime>
<ownerDesignName>ModeloFisico</ownerDesignName>
<nullsAllowed>true</nullsAllowed>
<useDomainConstraints>false</useDomainConstraints>
<use>1</use>
<logicalDatatype>LOGDT011</logicalDatatype>
<ownDataTypeParameters>,,</ownDataTypeParameters>
<autoIncrementCycle>false</autoIncrementCycle>
<associations>
<colAssociation fkAssociation="C6F5DD93-800A-ACE5-9DEE-0F0928F86479" referredColumn="0AB50724-7D2C-80AF-2A32-700F57B48BBD"/>
</associations>
</Column>
<Column name="REC_VALOR" id="B9D2BB69-52CB-5D66-F378-60BCA9676762">
<createdBy>henri</createdBy>
<createdTime>2024-05-25 01:44:09 UTC</createdTime>
<ownerDesignName>ModeloFisico</ownerDesignName>
<useDomainConstraints>false</useDomainConstraints>
<use>1</use>
<logicalDatatype>LOGDT026</logicalDatatype>
<dataTypePrecision>15</dataTypePrecision>
<dataTypeScale>2</dataTypeScale>
<ownDataTypeParameters>,15,2</ownDataTypeParameters>
<autoIncrementCycle>false</autoIncrementCycle>
</Column>
<Column name="REC_DATA" id="9F5B7193-EF8C-3B52-2EAF-AE4AA8849065">
<createdBy>henri</createdBy>
<createdTime>2024-05-25 01:44:41 UTC</createdTime>
<ownerDesignName>ModeloFisico</ownerDesignName>
<useDomainConstraints>false</useDomainConstraints>
<use>1</use>
<logicalDatatype>LOGDT008</logicalDatatype>
<ownDataTypeParameters>,,</ownDataTypeParameters>
<autoIncrementCycle>false</autoIncrementCycle>
</Column>
<Column name="REC_DESCRICAO" id="F11EE37B-A32A-D4A5-A0FC-0344CF83E63C">
<createdBy>henri</createdBy>
<createdTime>2024-05-25 01:44:41 UTC</createdTime>
<ownerDesignName>ModeloFisico</ownerDesignName>
<useDomainConstraints>false</useDomainConstraints>
<use>1</use>
<logicalDatatype>LOGDT024</logicalDatatype>
<dataTypeSize>50</dataTypeSize>
<ownDataTypeParameters>50,,</ownDataTypeParameters>
<autoIncrementCycle>false</autoIncrementCycle>
</Column>
</columns>
<indexes itemClass="oracle.dbtools.crest.model.design.relational.Index">
<ind_PK_UK id="9B8A2589-171C-A7AC-A286-962B2790FB75" name="RECEBIMENTO_PK">
<createdBy>henri</createdBy>
<createdTime>2024-05-25 01:42:44 UTC</createdTime>
<ownerDesignName>ModeloFisico</ownerDesignName>
<pk>true</pk>
<indexState>Primary Constraint</indexState>
<isSurrogateKey>false</isSurrogateKey>
<indexColumnUsage>
<colUsage columnID="B5D1D1C0-8793-C26F-B82F-346F2781C97D"/>
</indexColumnUsage>
</ind_PK_UK>
<ind_PK_UK id="CC7D9B86-0080-2AA8-572E-267F9102882E" name="RECEBIMENTO_USUARIO_FK">
<createdBy>henri</createdBy>
<createdTime>2024-05-25 01:42:44 UTC</createdTime>
<ownerDesignName>ModeloFisico</ownerDesignName>
<indexState>Foreign Key</indexState>
<isSurrogateKey>false</isSurrogateKey>
<indexColumnUsage>
<colUsage columnID="80FE76DD-BF49-B937-463D-06F04BBC4BCB"/>
</indexColumnUsage>
</ind_PK_UK>
<ind_PK_UK id="7359A3E1-753C-5B34-323F-90A245EA1210" name="RECEBIMENTO_CATEGORIA_FK">
<createdBy>henri</createdBy>
<createdTime>2024-05-25 01:43:38 UTC</createdTime>
<ownerDesignName>ModeloFisico</ownerDesignName>
<indexState>Foreign Key</indexState>
<isSurrogateKey>false</isSurrogateKey>
<indexColumnUsage>
<colUsage columnID="FE7F24E2-210C-90B3-FD8E-AC6C2EC30238"/>
</indexColumnUsage>
</ind_PK_UK>
</indexes>
</Table>