<?xml version = '1.0' encoding = 'UTF-8'?>
<Table class="oracle.dbtools.crest.model.design.relational.Table" directorySegmentName="seg_0" id="F78809C4-509E-E5F0-EC0C-A30E8F378F9F" name="INVESTIMENTO">
<createdBy>henri</createdBy>
<createdTime>2024-05-25 01:47:42 UTC</createdTime>
<ownerDesignName>ModeloFisico</ownerDesignName>
<ordsAlias>table_7</ordsAlias>
<allowColumnReorder>false</allowColumnReorder>
<existDependencyGenerateInDDl>true</existDependencyGenerateInDDl>
<parsed>true</parsed>
<columns itemClass="oracle.dbtools.crest.model.design.relational.Column">
<Column name="INV_IDPK" id="5723E4E9-1066-FC4B-F2A2-3CC5FCB6C9E6">
<createdBy>henri</createdBy>
<createdTime>2024-05-25 01:49:46 UTC</createdTime>
<ownerDesignName>ModeloFisico</ownerDesignName>
<useDomainConstraints>false</useDomainConstraints>
<use>1</use>
<logicalDatatype>LOGDT011</logicalDatatype>
<ownDataTypeParameters>,,</ownDataTypeParameters>
<autoIncrementCycle>false</autoIncrementCycle>
</Column>
<Column name="INV_USUARIO_IDPK" id="C2954696-6F86-2E9A-751E-1B3404D16F4E">
<createdBy>henri</createdBy>
<createdTime>2024-05-25 01:49:46 UTC</createdTime>
<ownerDesignName>ModeloFisico</ownerDesignName>
<useDomainConstraints>false</useDomainConstraints>
<use>1</use>
<logicalDatatype>LOGDT011</logicalDatatype>
<ownDataTypeParameters>,,</ownDataTypeParameters>
<autoIncrementCycle>false</autoIncrementCycle>
<associations>
<colAssociation fkAssociation="348F3014-FED5-A711-E4D6-25F64BA9E520" referredColumn="E9FF690F-6A59-0BC8-5F97-C31A91B88B2A"/>
</associations>
</Column>
<Column name="INV_TIPO_IDPK" id="4DB08D2D-5B92-7D4A-8F62-80C529887EBF">
<createdBy>henri</createdBy>
<createdTime>2024-05-25 01:49:46 UTC</createdTime>
<ownerDesignName>ModeloFisico</ownerDesignName>
<useDomainConstraints>false</useDomainConstraints>
<use>1</use>
<logicalDatatype>LOGDT011</logicalDatatype>
<ownDataTypeParameters>,,</ownDataTypeParameters>
<autoIncrementCycle>false</autoIncrementCycle>
<associations>
<colAssociation fkAssociation="0FCA843D-3645-F096-10E4-3DB8A86CEC34" referredColumn="54D85FDB-66B0-03F0-B016-84438E38BD2E"/>
</associations>
</Column>
<Column name="INV_BANCO_IDPK" id="E4FCD597-F0DC-83B1-0452-68001FBD139E">
<createdBy>henri</createdBy>
<createdTime>2024-05-25 01:49:46 UTC</createdTime>
<ownerDesignName>ModeloFisico</ownerDesignName>
<useDomainConstraints>false</useDomainConstraints>
<use>1</use>
<logicalDatatype>LOGDT011</logicalDatatype>
<ownDataTypeParameters>,,</ownDataTypeParameters>
<autoIncrementCycle>false</autoIncrementCycle>
<associations>
<colAssociation fkAssociation="89293DB1-ECAC-B26A-027B-B709CBF487DA" referredColumn="E390BF77-95F3-99AB-746B-61CCCB6D18A8"/>
</associations>
</Column>
<Column name="INV_NOME" id="BDEEA9D5-4ED4-4191-FCE9-FEF78456FC43">
<createdBy>henri</createdBy>
<createdTime>2024-05-25 01:49:46 UTC</createdTime>
<ownerDesignName>ModeloFisico</ownerDesignName>
<useDomainConstraints>false</useDomainConstraints>
<use>1</use>
<logicalDatatype>LOGDT024</logicalDatatype>
<dataTypeSize>50</dataTypeSize>
<ownDataTypeParameters>50,,</ownDataTypeParameters>
<autoIncrementCycle>false</autoIncrementCycle>
</Column>
<Column name="INV_VALOR" id="371C265F-0120-0643-B5E3-EECACF95785B">
<createdBy>henri</createdBy>
<createdTime>2024-05-25 01:49:46 UTC</createdTime>
<ownerDesignName>ModeloFisico</ownerDesignName>
<useDomainConstraints>false</useDomainConstraints>
<use>1</use>
<logicalDatatype>LOGDT026</logicalDatatype>
<dataTypePrecision>15</dataTypePrecision>
<dataTypeScale>2</dataTypeScale>
<ownDataTypeParameters>,15,2</ownDataTypeParameters>
<autoIncrementCycle>false</autoIncrementCycle>
</Column>
<Column name="INV_DATA_INVESTIMENTO" id="CEE86FB5-272F-357F-37B8-057498390463">
<createdBy>henri</createdBy>
<createdTime>2024-05-25 01:49:46 UTC</createdTime>
<ownerDesignName>ModeloFisico</ownerDesignName>
<useDomainConstraints>false</useDomainConstraints>
<use>1</use>
<logicalDatatype>LOGDT008</logicalDatatype>
<ownDataTypeParameters>,,</ownDataTypeParameters>
<autoIncrementCycle>false</autoIncrementCycle>
</Column>
<Column name="INV_DATA_VENCIMENTO" id="B8311C11-2E13-E640-EFA7-A031254F817F">
<createdBy>henri</createdBy>
<createdTime>2024-05-25 01:49:46 UTC</createdTime>
<ownerDesignName>ModeloFisico</ownerDesignName>
<nullsAllowed>true</nullsAllowed>
<useDomainConstraints>false</useDomainConstraints>
<use>1</use>
<logicalDatatype>LOGDT008</logicalDatatype>
<ownDataTypeParameters>,,</ownDataTypeParameters>
<autoIncrementCycle>false</autoIncrementCycle>
</Column>
</columns>
<indexes itemClass="oracle.dbtools.crest.model.design.relational.Index">
<ind_PK_UK id="09CE66FB-14E8-195E-B980-CDC707DB6EB9" name="INVESTIMENTO_PK">
<createdBy>henri</createdBy>
<createdTime>2024-05-25 01:49:46 UTC</createdTime>
<ownerDesignName>ModeloFisico</ownerDesignName>
<pk>true</pk>
<indexState>Primary Constraint</indexState>
<isSurrogateKey>false</isSurrogateKey>
<indexColumnUsage>
<colUsage columnID="5723E4E9-1066-FC4B-F2A2-3CC5FCB6C9E6"/>
</indexColumnUsage>
</ind_PK_UK>
<ind_PK_UK id="AE85FDCD-2376-92A9-C49C-C30A614E5B8C" name="INVESTIMENTO_USUARIO_FK">
<createdBy>henri</createdBy>
<createdTime>2024-05-25 01:49:46 UTC</createdTime>
<ownerDesignName>ModeloFisico</ownerDesignName>
<indexState>Foreign Key</indexState>
<isSurrogateKey>false</isSurrogateKey>
<indexColumnUsage>
<colUsage columnID="C2954696-6F86-2E9A-751E-1B3404D16F4E"/>
</indexColumnUsage>
</ind_PK_UK>
<ind_PK_UK id="D587D228-8D89-96DA-C9D1-69AD8F7E7859" name="INVESTIMENTO_TIPO_INVESTIMENTO_FK">
<createdBy>henri</createdBy>
<createdTime>2024-05-25 01:51:23 UTC</createdTime>
<ownerDesignName>ModeloFisico</ownerDesignName>
<indexState>Foreign Key</indexState>
<isSurrogateKey>false</isSurrogateKey>
<indexColumnUsage>
<colUsage columnID="4DB08D2D-5B92-7D4A-8F62-80C529887EBF"/>
</indexColumnUsage>
</ind_PK_UK>
<ind_PK_UK id="17BAF08E-F93E-3EE3-1FA5-5550ABBADB94" name="INVESTIMENTO_BANCO_FK">
<createdBy>henri</createdBy>
<createdTime>2024-05-25 01:51:23 UTC</createdTime>
<ownerDesignName>ModeloFisico</ownerDesignName>
<indexState>Foreign Key</indexState>
<isSurrogateKey>false</isSurrogateKey>
<indexColumnUsage>
<colUsage columnID="E4FCD597-F0DC-83B1-0452-68001FBD139E"/>
</indexColumnUsage>
</ind_PK_UK>
</indexes>
</Table>