<?xml version = '1.0' encoding = 'UTF-8'?>
<relationalModel class="oracle.dbtools.crest.model.design.relational.RelationalDesign" name="Relational_1" id="2AB7A64F-F9EA-6330-7A13-5DAFB8E08E43" mainViewID="89776039-B0A8-71A4-D479-ECB88C979EBC">
<createdBy>henrique</createdBy>
<createdTime>2024-05-13 22:21:49 UTC</createdTime>
<ownerDesignName>Modelo Logico - Agenda</ownerDesignName>
<shouldBeOpen>false</shouldBeOpen>
<selectedRDBMSSite>32076570-2523-435C-2E92-BF29817DFF70</selectedRDBMSSite>
</relationalModel>