<?xml version = '1.0' encoding = 'UTF-8'?>
<Relation class="oracle.dbtools.crest.model.design.logical.Relation" name="PARCEIRO_PAGAR_FK" directorySegmentName="seg_0" id="10FF202C-6750-4D06-D83D-CEA6F28CF4C7">
<createdBy>henri</createdBy>
<createdTime>2024-06-18 00:01:03 UTC</createdTime>
<ownerDesignName>Modelo Logico - iFood</ownerDesignName>
<engineerTo>
<item key="27F04DD4-B1A4-8406-9902-A2F1EA275041" value="true"/>
</engineerTo>
<sourcePk>361FA01D-04BF-89B1-F4D6-F40F0B6BA1C7</sourcePk>
<identifying>false</identifying>
<optionalSource>true</optionalSource>
<optionalTarget>false</optionalTarget>
<sourceCardinality>1</sourceCardinality>
<sourceEntity>EE58B421-4B5D-12C5-1541-EBFBF48D5492</sourceEntity>
<targetCardinalityString>*</targetCardinalityString>
<targetEntity>C5F04DE3-C9F9-17B4-CAD8-77A9BEE4A3F4</targetEntity>
<transferable>true</transferable>
<deleteRule>NO ACTION</deleteRule>
</Relation>