<?xml version = '1.0' encoding = 'UTF-8'?>
<Relation class="oracle.dbtools.crest.model.design.logical.Relation" name="PARCEIRO_USUARIO_FK" directorySegmentName="seg_0" id="73277E4F-B347-BB93-931E-B7AC910138F1">
<createdBy>henri</createdBy>
<createdTime>2024-06-18 00:17:24 UTC</createdTime>
<ownerDesignName>Modelo Logico - iFood</ownerDesignName>
<engineerTo>
<item key="50A8BC39-F982-102E-F52A-3561C74D392C" value="true"/>
</engineerTo>
<sourcePk>361FA01D-04BF-89B1-F4D6-F40F0B6BA1C7</sourcePk>
<identifying>false</identifying>
<optionalSource>true</optionalSource>
<optionalTarget>false</optionalTarget>
<sourceCardinality>1</sourceCardinality>
<sourceEntity>EE58B421-4B5D-12C5-1541-EBFBF48D5492</sourceEntity>
<targetCardinalityString>*</targetCardinalityString>
<targetEntity>739DAD40-FCF0-5EFD-08EF-52F7B3442952</targetEntity>
<transferable>true</transferable>
<deleteRule>NO ACTION</deleteRule>
</Relation>
