<?xml version = '1.0' encoding = 'UTF-8'?>
<Relation class="oracle.dbtools.crest.model.design.logical.Relation" name="PEDIDO_PARCEIRO_FK" directorySegmentName="seg_0" id="B4AC2C7C-EF8D-72B9-E784-4C1879AD14FC">
<createdBy>henri</createdBy>
<createdTime>2024-06-17 23:32:43 UTC</createdTime>
<ownerDesignName>Modelo Logico - iFood</ownerDesignName>
<engineerTo>
<item key="27F04DD4-B1A4-8406-9902-A2F1EA275041" value="true"/>
</engineerTo>
<sourcePk>361FA01D-04BF-89B1-F4D6-F40F0B6BA1C7</sourcePk>
<identifying>false</identifying>
<optionalSource>true</optionalSource>
<optionalTarget>false</optionalTarget>
<sourceCardinality>1</sourceCardinality>
<sourceEntity>EE58B421-4B5D-12C5-1541-EBFBF48D5492</sourceEntity>
<targetCardinalityString>*</targetCardinalityString>
<targetEntity>7A34D52A-4B36-C175-5E2D-AC4B7AACA678</targetEntity>
<transferable>true</transferable>
<deleteRule>NO ACTION</deleteRule>
</Relation>